id,origin_depot_id,destination_depot_id,distance_km,road_distance_km,fee,created_at,updated_at
0006bb1f-6188-4110-b7dc-12c7c914f139,e231c92f-f237-40ba-8b35-9040bb3f6e23,eae42269-bdb6-44ae-a5b9-41117e26abcd,0.00,0.00,200000,2025-07-16 07:45:10.656429+00,2025-07-16 07:45:10.656429+00
00673d97-79da-43b2-bbaf-b21e585915d3,2028d662-e7e4-4c3c-94ee-4c0648b71f1c,24521324-b93c-4354-911f-b7ef3b2c257c,0.01,0.01,200000,2025-07-16 07:45:10.656429+00,2025-07-16 07:45:10.656429+00
00eaa3ec-aa04-4e83-ae7b-c9ad5eeb6d59,43bd4be6-9cce-48a9-a3cc-09f8ee7596c2,7c5850f2-fd45-4187-98c9-c41515632dc8,0.00,0.00,200000,2025-07-16 07:45:10.656429+00,2025-07-16 07:45:10.656429+00
00fdc2cc-7115-42f0-8d59-f13c949ca827,f462ddec-0f01-46ff-ab43-5b20ef20355b,7c5850f2-fd45-4187-98c9-c41515632dc8,0.01,0.01,200000,2025-07-16 07:45:10.656429+00,2025-07-16 07:45:10.656429+00
01ac4b7b-fddd-40ca-9e37-2ba21ca88573,d2903cf6-dbdf-4a75-8ce7-93e3b0092e49,6c5a67c7-d2f0-4c47-a332-1a8c3e2ce1c2,0.00,0.00,200000,2025-07-16 07:45:10.656429+00,2025-07-16 07:45:10.656429+00
02268ae6-1dfb-4375-ac04-d6c8efb93e3c,3018212c-4657-445f-8226-9f11513c4879,24521324-b93c-4354-911f-b7ef3b2c257c,0.00,0.00,200000,2025-07-16 07:45:10.656429+00,2025-07-16 07:45:10.656429+00
042931a6-9ae4-4d87-9506-d9c6ecc65106,d4d45641-60ba-468d-ac8f-d7012e5a9cdf,8a67c9a8-4639-4533-b32c-3528929df464,0.01,0.01,200000,2025-07-16 07:45:10.656429+00,2025-07-16 07:45:10.656429+00
04fe9132-b50a-40e5-b16f-d582367a30d2,6d2f28b0-ffba-42b5-a905-22f9358a8a5b,6c5a67c7-d2f0-4c47-a332-1a8c3e2ce1c2,0.00,0.00,200000,2025-07-16 07:45:10.656429+00,2025-07-16 07:45:10.656429+00
071399f1-cd34-488a-a058-5ce3795087c6,a2dbd7dc-34da-4bf1-bb57-b7bcd3b014da,61f2a716-e5ed-41de-ab08-6e01637c5b51,0.00,0.00,200000,2025-07-16 07:45:10.656429+00,2025-07-16 07:45:10.656429+00
0765249c-da49-43ee-8615-641e1d9c6a74,e0228558-58ba-4d45-a257-b7b4d171f06e,8abc701d-83db-485c-bb90-eea9da904eba,0.01,0.01,200000,2025-07-16 07:45:10.656429+00,2025-07-16 07:45:10.656429+00
07c82e33-6268-4395-8571-94ab7a028af1,d2903cf6-dbdf-4a75-8ce7-93e3b0092e49,24521324-b93c-4354-911f-b7ef3b2c257c,0.01,0.01,200000,2025-07-16 07:45:10.656429+00,2025-07-16 07:45:10.656429+00
09823be7-946a-460b-b3eb-a6d6a34920d9,d4d45641-60ba-468d-ac8f-d7012e5a9cdf,b3c0323f-abba-423d-ad11-b6d9474080db,0.01,0.01,200000,2025-07-16 07:45:10.656429+00,2025-07-16 07:45:10.656429+00
0a9f777f-6dd4-4d4b-b311-853f8dbaf279,c9c7790f-b3dd-432c-aee7-3b3413a0de35,24521324-b93c-4354-911f-b7ef3b2c257c,0.01,0.01,200000,2025-07-16 07:45:10.656429+00,2025-07-16 07:45:10.656429+00
0b2bd36f-93dc-471e-abc2-2898626c13f0,c9c7790f-b3dd-432c-aee7-3b3413a0de35,553b1a53-5023-4a15-8d09-4787980a75ca,0.01,0.01,200000,2025-07-16 07:45:10.656429+00,2025-07-16 07:45:10.656429+00
0b2de0e9-87fc-4b4c-a458-3d53ac66ea9d,7c69d43b-f991-45bc-8f71-c28076888f37,8a67c9a8-4639-4533-b32c-3528929df464,0.01,0.01,200000,2025-07-16 07:45:10.656429+00,2025-07-16 07:45:10.656429+00
0b4c110c-95bc-4e5b-b05f-94c1f7ab86a8,c1ba1ff2-3eaf-48f4-82f1-41e3a68d55a1,24521324-b93c-4354-911f-b7ef3b2c257c,0.01,0.01,200000,2025-07-16 07:45:10.656429+00,2025-07-16 07:45:10.656429+00
0d426cb4-efa7-46d2-b8e7-fe224d098d82,e0228558-58ba-4d45-a257-b7b4d171f06e,5c5a67c7-d2f0-4c47-a332-1a8c3e2ce1c1,0.00,0.00,200000,2025-07-16 07:45:10.656429+00,2025-07-16 07:45:10.656429+00
0e5dc81d-cc24-4445-b9a4-e001468ace8d,4fc4a6ab-d018-482d-bfe4-275a66531e86,5c5a67c7-d2f0-4c47-a332-1a8c3e2ce1c1,0.01,0.01,200000,2025-07-16 07:45:10.656429+00,2025-07-16 07:45:10.656429+00
0f09580f-c579-4270-acc7-592db7dd79d6,366ff3a9-430e-4055-af48-9d674e4aaf15,3bc2f4dd-ce0c-4d54-b477-f7e98bf73963,0.01,0.01,200000,2025-07-16 07:45:10.656429+00,2025-07-16 07:45:10.656429+00
10b687fd-f909-4daa-97b4-a8f8bb5cb00a,288f81f9-3b22-4e9c-be2b-2dc52d0f3b29,6c5a67c7-d2f0-4c47-a332-1a8c3e2ce1c2,0.01,0.01,200000,2025-07-16 07:45:10.656429+00,2025-07-16 07:45:10.656429+00
10ed82de-1122-4a3c-aef9-9f4bf275b195,1bf4bb87-9e44-4beb-b337-1f45a58fd731,6c5a67c7-d2f0-4c47-a332-1a8c3e2ce1c2,0.00,0.00,200000,2025-07-16 07:45:10.656429+00,2025-07-16 07:45:10.656429+00
124120dd-4fa3-4412-b346-d86375570f8e,e0228558-58ba-4d45-a257-b7b4d171f06e,8a67c9a8-4639-4533-b32c-3528929df464,0.00,0.01,200000,2025-07-16 07:45:10.656429+00,2025-07-16 07:45:10.656429+00
1284a08b-92ce-461e-a20d-137e387e4832,79531671-cb34-42f7-8c43-e544bfe2e4bf,3bc2f4dd-ce0c-4d54-b477-f7e98bf73963,0.01,0.01,200000,2025-07-16 07:45:10.656429+00,2025-07-16 07:45:10.656429+00
1372ea6d-30ad-4d73-a9c4-f5499a1aea8e,9a0fe470-d3ae-4a51-ae3b-217db367b329,6c5a67c7-d2f0-4c47-a332-1a8c3e2ce1c2,0.01,0.01,200000,2025-07-16 07:45:10.656429+00,2025-07-16 07:45:10.656429+00
13eaec27-9deb-47c5-98a8-6790eb9944c8,14a5a813-5a82-42e7-bf9c-6531d9079476,7d42d186-c243-47ef-bdd3-09e3212b6b17,0.01,0.01,200000,2025-07-16 07:45:10.656429+00,2025-07-16 07:45:10.656429+00
14ab62a4-f173-4cc2-88db-48729d011058,968c5794-75e4-4ba4-9939-a234dde8d84d,7c5850f2-fd45-4187-98c9-c41515632dc8,0.01,0.01,200000,2025-07-16 07:45:10.656429+00,2025-07-16 07:45:10.656429+00
1545d43c-673e-4c1b-ba3f-2ba80671e8a5,c1ba1ff2-3eaf-48f4-82f1-41e3a68d55a1,b3c0323f-abba-423d-ad11-b6d9474080db,0.01,0.01,200000,2025-07-16 07:45:10.656429+00,2025-07-16 07:45:10.656429+00
158031d0-510d-4bcb-93eb-d99cb5558f04,43bd4be6-9cce-48a9-a3cc-09f8ee7596c2,80071d9e-fa85-41ab-9531-f34391e84bec,0.00,0.00,200000,2025-07-16 07:45:10.656429+00,2025-07-16 07:45:10.656429+00
15aa1953-54d1-4a08-a893-51c7d89367f5,e0228558-58ba-4d45-a257-b7b4d171f06e,3bc2f4dd-ce0c-4d54-b477-f7e98bf73963,0.01,0.01,200000,2025-07-16 07:45:10.656429+00,2025-07-16 07:45:10.656429+00
15d5c223-ef72-4e10-a391-fa86409d66a3,968c5794-75e4-4ba4-9939-a234dde8d84d,b3c0323f-abba-423d-ad11-b6d9474080db,0.00,0.00,200000,2025-07-16 07:45:10.656429+00,2025-07-16 07:45:10.656429+00
162cec9b-9688-4c6a-8336-ded18f249f7e,814cde2d-95b2-41fc-8ed0-271ba2170968,80071d9e-fa85-41ab-9531-f34391e84bec,0.00,0.00,200000,2025-07-16 07:45:10.656429+00,2025-07-16 07:45:10.656429+00
166d80e5-7c56-4284-aea6-0f58beeb792b,968c5794-75e4-4ba4-9939-a234dde8d84d,6c5a67c7-d2f0-4c47-a332-1a8c3e2ce1c2,0.00,0.00,200000,2025-07-16 07:45:10.656429+00,2025-07-16 07:45:10.656429+00
16afaf18-1013-4169-9ea7-aba7c990040f,2028d662-e7e4-4c3c-94ee-4c0648b71f1c,61f2a716-e5ed-41de-ab08-6e01637c5b51,0.00,0.00,200000,2025-07-16 07:45:10.656429+00,2025-07-16 07:45:10.656429+00
176c5711-629b-4733-9d08-5b80dcdba871,288f81f9-3b22-4e9c-be2b-2dc52d0f3b29,7d42d186-c243-47ef-bdd3-09e3212b6b17,0.00,0.00,200000,2025-07-16 07:45:10.656429+00,2025-07-16 07:45:10.656429+00
17993a78-9a87-459f-86f4-5796725bebbd,2028d662-e7e4-4c3c-94ee-4c0648b71f1c,8a67c9a8-4639-4533-b32c-3528929df464,0.01,0.01,200000,2025-07-16 07:45:10.656429+00,2025-07-16 07:45:10.656429+00
17d14291-72e0-4e16-9e49-6ffba49430e0,79531671-cb34-42f7-8c43-e544bfe2e4bf,8abc701d-83db-485c-bb90-eea9da904eba,0.01,0.01,200000,2025-07-16 07:45:10.656429+00,2025-07-16 07:45:10.656429+00
18a3e155-b6e3-4f53-bba1-29022513b4e7,814cde2d-95b2-41fc-8ed0-271ba2170968,3bc2f4dd-ce0c-4d54-b477-f7e98bf73963,0.00,0.00,200000,2025-07-16 07:45:10.656429+00,2025-07-16 07:45:10.656429+00
193e7ac6-9758-447c-ac19-e291c3274a3d,366ff3a9-430e-4055-af48-9d674e4aaf15,6c5a67c7-d2f0-4c47-a332-1a8c3e2ce1c2,0.00,0.00,200000,2025-07-16 07:45:10.656429+00,2025-07-16 07:45:10.656429+00
1a043c08-2ef9-49d3-b9e8-1265a9efffab,14a5a813-5a82-42e7-bf9c-6531d9079476,3bc2f4dd-ce0c-4d54-b477-f7e98bf73963,0.01,0.01,200000,2025-07-16 07:45:10.656429+00,2025-07-16 07:45:10.656429+00
1a8d0dcc-f4ba-40ce-bf52-f4b9f1705d86,43bd4be6-9cce-48a9-a3cc-09f8ee7596c2,eae42269-bdb6-44ae-a5b9-41117e26abcd,0.00,0.00,200000,2025-07-16 07:45:10.656429+00,2025-07-16 07:45:10.656429+00
1c3d05d8-5696-4fa8-b0ca-c8da8e802d32,2028d662-e7e4-4c3c-94ee-4c0648b71f1c,6c5a67c7-d2f0-4c47-a332-1a8c3e2ce1c2,0.01,0.01,200000,2025-07-16 07:45:10.656429+00,2025-07-16 07:45:10.656429+00
1c4e693e-db71-4f8e-a576-4d934d2e2a90,2028d662-e7e4-4c3c-94ee-4c0648b71f1c,18e98815-c7e1-4394-bfd1-3132a227ec0b,0.00,0.00,200000,2025-07-16 07:45:10.656429+00,2025-07-16 07:45:10.656429+00
1d39b816-804f-4293-8619-82279ec7d195,c617e8c8-7afe-4d28-a5ca-1379d9501be5,eae42269-bdb6-44ae-a5b9-41117e26abcd,0.01,0.01,200000,2025-07-16 07:45:10.656429+00,2025-07-16 07:45:10.656429+00
1d8649b2-8992-4a44-9a0e-0a9c0609ef35,e231c92f-f237-40ba-8b35-9040bb3f6e23,3bc2f4dd-ce0c-4d54-b477-f7e98bf73963,0.00,0.00,200000,2025-07-16 07:45:10.656429+00,2025-07-16 07:45:10.656429+00
1e996ad5-8144-4705-89c6-d337b58d85ac,7c69d43b-f991-45bc-8f71-c28076888f37,18e98815-c7e1-4394-bfd1-3132a227ec0b,0.01,0.01,200000,2025-07-16 07:45:10.656429+00,2025-07-16 07:45:10.656429+00
1f82872b-f02e-4ff2-80c6-66fb08924a53,79531671-cb34-42f7-8c43-e544bfe2e4bf,7c5850f2-fd45-4187-98c9-c41515632dc8,0.01,0.01,200000,2025-07-16 07:45:10.656429+00,2025-07-16 07:45:10.656429+00
20b4d0ba-c5d6-4c60-be6b-ab88b2387d66,1bf4bb87-9e44-4beb-b337-1f45a58fd731,18e98815-c7e1-4394-bfd1-3132a227ec0b,0.01,0.01,200000,2025-07-16 07:45:10.656429+00,2025-07-16 07:45:10.656429+00
20b79628-10a4-4183-ad4d-b3d6d7a0db05,e231c92f-f237-40ba-8b35-9040bb3f6e23,61f2a716-e5ed-41de-ab08-6e01637c5b51,0.00,0.00,200000,2025-07-16 07:45:10.656429+00,2025-07-16 07:45:10.656429+00
21a111fd-6a05-4a52-9e74-84eceb88c7fe,d0122a69-7fdb-4d0b-962d-b33cff0c7ea1,553b1a53-5023-4a15-8d09-4787980a75ca,0.00,0.01,200000,2025-07-16 07:45:10.656429+00,2025-07-16 07:45:10.656429+00
244f10fb-736e-4fe0-98f6-202a639707de,cd61344a-92b2-40dc-bc3a-9dcfcaab94ee,18e98815-c7e1-4394-bfd1-3132a227ec0b,0.01,0.01,200000,2025-07-16 07:45:10.656429+00,2025-07-16 07:45:10.656429+00
248a0ee9-ad8b-4e1d-974c-deff3829b55b,968c5794-75e4-4ba4-9939-a234dde8d84d,8abc701d-83db-485c-bb90-eea9da904eba,0.01,0.01,200000,2025-07-16 07:45:10.656429+00,2025-07-16 07:45:10.656429+00
24ff892c-aa3d-46ab-b4c1-26220b58d796,a2dbd7dc-34da-4bf1-bb57-b7bcd3b014da,6c5a67c7-d2f0-4c47-a332-1a8c3e2ce1c2,0.01,0.01,200000,2025-07-16 07:45:10.656429+00,2025-07-16 07:45:10.656429+00
2543c6f9-5de5-462f-84ed-7e626ba51364,d4d45641-60ba-468d-ac8f-d7012e5a9cdf,5c5a67c7-d2f0-4c47-a332-1a8c3e2ce1c1,0.01,0.01,200000,2025-07-16 07:45:10.656429+00,2025-07-16 07:45:10.656429+00
25f7650a-4a79-4575-a761-c16baabaef79,1bf4bb87-9e44-4beb-b337-1f45a58fd731,7d42d186-c243-47ef-bdd3-09e3212b6b17,0.01,0.01,200000,2025-07-16 07:45:10.656429+00,2025-07-16 07:45:10.656429+00
2735fc16-c8ba-4308-8650-8f26653765b0,6553f989-77e9-4459-a327-a8f21d0c52b3,80071d9e-fa85-41ab-9531-f34391e84bec,0.00,0.00,200000,2025-07-16 07:45:10.656429+00,2025-07-16 07:45:10.656429+00
27aa539e-c8df-403a-8457-67440cd3d060,2028d662-e7e4-4c3c-94ee-4c0648b71f1c,80071d9e-fa85-41ab-9531-f34391e84bec,0.00,0.00,200000,2025-07-16 07:45:10.656429+00,2025-07-16 07:45:10.656429+00
28396272-8a91-4a39-bc86-2cff6be71807,d2903cf6-dbdf-4a75-8ce7-93e3b0092e49,5c5a67c7-d2f0-4c47-a332-1a8c3e2ce1c1,0.00,0.00,200000,2025-07-16 07:45:10.656429+00,2025-07-16 07:45:10.656429+00
28553d0e-0445-4df3-b808-2b2451caa801,79531671-cb34-42f7-8c43-e544bfe2e4bf,5c5a67c7-d2f0-4c47-a332-1a8c3e2ce1c1,0.00,0.01,200000,2025-07-16 07:45:10.656429+00,2025-07-16 07:45:10.656429+00
28df3b70-b966-4b96-96ee-3c69dc492fab,814cde2d-95b2-41fc-8ed0-271ba2170968,eae42269-bdb6-44ae-a5b9-41117e26abcd,0.00,0.00,200000,2025-07-16 07:45:10.656429+00,2025-07-16 07:45:10.656429+00
294e0893-c594-4413-89df-efc6fd7bd9ac,f462ddec-0f01-46ff-ab43-5b20ef20355b,5c5a67c7-d2f0-4c47-a332-1a8c3e2ce1c1,0.00,0.00,200000,2025-07-16 07:45:10.656429+00,2025-07-16 07:45:10.656429+00
2a5928cf-68da-4b70-b1f4-a6d399c9977c,2b7bd9fc-f236-48cb-8667-ad62c2eb4a01,80071d9e-fa85-41ab-9531-f34391e84bec,0.00,0.00,200000,2025-07-16 07:45:10.656429+00,2025-07-16 07:45:10.656429+00
2a90d23a-fbc3-4a6e-9f27-92fe7b4d0078,2b7bd9fc-f236-48cb-8667-ad62c2eb4a01,6c5a67c7-d2f0-4c47-a332-1a8c3e2ce1c2,0.01,0.01,200000,2025-07-16 07:45:10.656429+00,2025-07-16 07:45:10.656429+00
2abe53eb-48dd-46ac-a0a1-757d02909374,c617e8c8-7afe-4d28-a5ca-1379d9501be5,553b1a53-5023-4a15-8d09-4787980a75ca,0.01,0.01,200000,2025-07-16 07:45:10.656429+00,2025-07-16 07:45:10.656429+00
2bf3d004-5ae7-460b-b4ea-f1bee24d642d,d4d45641-60ba-468d-ac8f-d7012e5a9cdf,eae42269-bdb6-44ae-a5b9-41117e26abcd,0.00,0.00,200000,2025-07-16 07:45:10.656429+00,2025-07-16 07:45:10.656429+00
2c66912e-5354-44bd-9a80-a5ea2d8be530,e231c92f-f237-40ba-8b35-9040bb3f6e23,8abc701d-83db-485c-bb90-eea9da904eba,0.00,0.00,200000,2025-07-16 07:45:10.656429+00,2025-07-16 07:45:10.656429+00
2cf66dc4-fad1-4b44-ae28-a848b15c436f,968c5794-75e4-4ba4-9939-a234dde8d84d,7d42d186-c243-47ef-bdd3-09e3212b6b17,0.01,0.01,200000,2025-07-16 07:45:10.656429+00,2025-07-16 07:45:10.656429+00
2daed28d-65e6-426e-86ca-b8b232095b2b,2b7bd9fc-f236-48cb-8667-ad62c2eb4a01,61f2a716-e5ed-41de-ab08-6e01637c5b51,0.00,0.00,200000,2025-07-16 07:45:10.656429+00,2025-07-16 07:45:10.656429+00
2e482f2b-7404-45e2-89bb-2b3d779bb399,8f1c804e-0382-4f7f-8229-dda365aba5a2,80071d9e-fa85-41ab-9531-f34391e84bec,0.00,0.00,200000,2025-07-16 07:45:10.656429+00,2025-07-16 07:45:10.656429+00
2ec38936-6fc8-43b2-b79c-240bf650bcc2,cd61344a-92b2-40dc-bc3a-9dcfcaab94ee,8abc701d-83db-485c-bb90-eea9da904eba,0.01,0.01,200000,2025-07-16 07:45:10.656429+00,2025-07-16 07:45:10.656429+00
2f31684b-26a7-4b55-a82d-e135b5ef2948,6553f989-77e9-4459-a327-a8f21d0c52b3,3bc2f4dd-ce0c-4d54-b477-f7e98bf73963,0.00,0.00,200000,2025-07-16 07:45:10.656429+00,2025-07-16 07:45:10.656429+00
2fb14687-283f-425f-a5ef-0a6514a2c82c,6553f989-77e9-4459-a327-a8f21d0c52b3,6c5a67c7-d2f0-4c47-a332-1a8c3e2ce1c2,0.01,0.01,200000,2025-07-16 07:45:10.656429+00,2025-07-16 07:45:10.656429+00
2fd70cb4-c01a-4f3d-93e7-2d5155b46293,1bf4bb87-9e44-4beb-b337-1f45a58fd731,3bc2f4dd-ce0c-4d54-b477-f7e98bf73963,0.01,0.01,200000,2025-07-16 07:45:10.656429+00,2025-07-16 07:45:10.656429+00
300277c0-ae23-4a4c-8de0-a9ae1f425eb2,c9c7790f-b3dd-432c-aee7-3b3413a0de35,8a67c9a8-4639-4533-b32c-3528929df464,0.01,0.01,200000,2025-07-16 07:45:10.656429+00,2025-07-16 07:45:10.656429+00
300ebcea-6d3b-4241-ac9f-ff5e1bc28151,d0122a69-7fdb-4d0b-962d-b33cff0c7ea1,7d42d186-c243-47ef-bdd3-09e3212b6b17,0.01,0.01,200000,2025-07-16 07:45:10.656429+00,2025-07-16 07:45:10.656429+00
302aacb5-f4d6-477b-a7f9-a661ad293751,366ff3a9-430e-4055-af48-9d674e4aaf15,7c5850f2-fd45-4187-98c9-c41515632dc8,0.01,0.01,200000,2025-07-16 07:45:10.656429+00,2025-07-16 07:45:10.656429+00
313748b3-9108-4a1b-b3ba-44ebf4735d62,f462ddec-0f01-46ff-ab43-5b20ef20355b,eae42269-bdb6-44ae-a5b9-41117e26abcd,0.01,0.01,200000,2025-07-16 07:45:10.656429+00,2025-07-16 07:45:10.656429+00
316ea2f2-119b-4aad-99b8-97601ce4114b,3018212c-4657-445f-8226-9f11513c4879,61f2a716-e5ed-41de-ab08-6e01637c5b51,0.01,0.01,200000,2025-07-16 07:45:10.656429+00,2025-07-16 07:45:10.656429+00
31c0f174-5527-42d4-90a3-d27181132729,2028d662-e7e4-4c3c-94ee-4c0648b71f1c,eae42269-bdb6-44ae-a5b9-41117e26abcd,0.00,0.00,200000,2025-07-16 07:45:10.656429+00,2025-07-16 07:45:10.656429+00
31d73346-d953-4878-b4c4-65574ac86abc,c9c7790f-b3dd-432c-aee7-3b3413a0de35,5c5a67c7-d2f0-4c47-a332-1a8c3e2ce1c1,0.01,0.01,200000,2025-07-16 07:45:10.656429+00,2025-07-16 07:45:10.656429+00
322eef9d-6a1a-466b-9310-ac89f792a2b2,c617e8c8-7afe-4d28-a5ca-1379d9501be5,80071d9e-fa85-41ab-9531-f34391e84bec,0.01,0.01,200000,2025-07-16 07:45:10.656429+00,2025-07-16 07:45:10.656429+00
32a4e84f-bbd0-437d-882e-5d9840420847,c9c7790f-b3dd-432c-aee7-3b3413a0de35,61f2a716-e5ed-41de-ab08-6e01637c5b51,0.00,0.00,200000,2025-07-16 07:45:10.656429+00,2025-07-16 07:45:10.656429+00
332de654-d236-401e-b82d-f730f004a6f1,cd61344a-92b2-40dc-bc3a-9dcfcaab94ee,8a67c9a8-4639-4533-b32c-3528929df464,0.01,0.01,200000,2025-07-16 07:45:10.656429+00,2025-07-16 07:45:10.656429+00
33c74165-c87e-4c92-9da0-7b22338b1b07,2b7bd9fc-f236-48cb-8667-ad62c2eb4a01,8a67c9a8-4639-4533-b32c-3528929df464,0.01,0.01,200000,2025-07-16 07:45:10.656429+00,2025-07-16 07:45:10.656429+00
3441aa29-a023-48c5-9ace-b13f9934b2f1,3018212c-4657-445f-8226-9f11513c4879,eae42269-bdb6-44ae-a5b9-41117e26abcd,0.01,0.01,200000,2025-07-16 07:45:10.656429+00,2025-07-16 07:45:10.656429+00
34551433-1250-44fa-bb54-25a8f1f8a2c8,d0122a69-7fdb-4d0b-962d-b33cff0c7ea1,b3c0323f-abba-423d-ad11-b6d9474080db,0.00,0.00,200000,2025-07-16 07:45:10.656429+00,2025-07-16 07:45:10.656429+00
348318fa-9189-42fa-abaa-80f0f7130dd8,d2903cf6-dbdf-4a75-8ce7-93e3b0092e49,8abc701d-83db-485c-bb90-eea9da904eba,0.01,0.01,200000,2025-07-16 07:45:10.656429+00,2025-07-16 07:45:10.656429+00
34d8551e-ddaa-4110-a9ab-1646a5323c27,4fc4a6ab-d018-482d-bfe4-275a66531e86,8a67c9a8-4639-4533-b32c-3528929df464,0.01,0.01,200000,2025-07-16 07:45:10.656429+00,2025-07-16 07:45:10.656429+00
3592d9ab-fc8d-46d3-a642-73a665e49cf5,6553f989-77e9-4459-a327-a8f21d0c52b3,553b1a53-5023-4a15-8d09-4787980a75ca,0.01,0.01,200000,2025-07-16 07:45:10.656429+00,2025-07-16 07:45:10.656429+00
36520f15-e69e-48af-be3b-7330e625966f,7c69d43b-f991-45bc-8f71-c28076888f37,24521324-b93c-4354-911f-b7ef3b2c257c,0.01,0.01,200000,2025-07-16 07:45:10.656429+00,2025-07-16 07:45:10.656429+00
368b628e-da68-4d7c-b7ec-e3935b01ac7f,43bd4be6-9cce-48a9-a3cc-09f8ee7596c2,24521324-b93c-4354-911f-b7ef3b2c257c,0.01,0.01,200000,2025-07-16 07:45:10.656429+00,2025-07-16 07:45:10.656429+00
36ae1b81-ca93-40e8-9913-830c263e9684,43bd4be6-9cce-48a9-a3cc-09f8ee7596c2,7d42d186-c243-47ef-bdd3-09e3212b6b17,0.00,0.00,200000,2025-07-16 07:45:10.656429+00,2025-07-16 07:45:10.656429+00
3741746f-9b10-4dd3-8d20-93f9e0bb4479,288f81f9-3b22-4e9c-be2b-2dc52d0f3b29,61f2a716-e5ed-41de-ab08-6e01637c5b51,0.00,0.00,200000,2025-07-16 07:45:10.656429+00,2025-07-16 07:45:10.656429+00
37768a23-c6ed-48da-ac5e-a5f3ddaec6f6,43bd4be6-9cce-48a9-a3cc-09f8ee7596c2,b3c0323f-abba-423d-ad11-b6d9474080db,0.01,0.01,200000,2025-07-16 07:45:10.656429+00,2025-07-16 07:45:10.656429+00
381d5840-dbdd-4a8e-92f1-8bffee5c4889,288f81f9-3b22-4e9c-be2b-2dc52d0f3b29,24521324-b93c-4354-911f-b7ef3b2c257c,0.01,0.01,200000,2025-07-16 07:45:10.656429+00,2025-07-16 07:45:10.656429+00
3a821a41-92a8-486a-bba1-0e5603677d4b,14a5a813-5a82-42e7-bf9c-6531d9079476,eae42269-bdb6-44ae-a5b9-41117e26abcd,0.01,0.01,200000,2025-07-16 07:45:10.656429+00,2025-07-16 07:45:10.656429+00
3b893ebb-2db4-4e92-ae64-f63b05ab4741,7c69d43b-f991-45bc-8f71-c28076888f37,6c5a67c7-d2f0-4c47-a332-1a8c3e2ce1c2,0.00,0.00,200000,2025-07-16 07:45:10.656429+00,2025-07-16 07:45:10.656429+00
3c0b1b9b-20d7-40d2-8ee1-44f84397fda7,9a0fe470-d3ae-4a51-ae3b-217db367b329,7c5850f2-fd45-4187-98c9-c41515632dc8,0.00,0.00,200000,2025-07-16 07:45:10.656429+00,2025-07-16 07:45:10.656429+00
3c670d95-1069-4ce9-86c8-b9b5f4430800,c9c7790f-b3dd-432c-aee7-3b3413a0de35,eae42269-bdb6-44ae-a5b9-41117e26abcd,0.00,0.00,200000,2025-07-16 07:45:10.656429+00,2025-07-16 07:45:10.656429+00
3c9b0d45-c8d7-40ac-8256-a8e5048df94d,d4d45641-60ba-468d-ac8f-d7012e5a9cdf,7c5850f2-fd45-4187-98c9-c41515632dc8,0.00,0.00,200000,2025-07-16 07:45:10.656429+00,2025-07-16 07:45:10.656429+00
3cc234a0-f6cf-47eb-9517-c27ee6ef6622,c617e8c8-7afe-4d28-a5ca-1379d9501be5,b3c0323f-abba-423d-ad11-b6d9474080db,0.00,0.00,200000,2025-07-16 07:45:10.656429+00,2025-07-16 07:45:10.656429+00
3d253bbb-31ca-4b54-94e0-5f2357e3e6c3,4fc4a6ab-d018-482d-bfe4-275a66531e86,eae42269-bdb6-44ae-a5b9-41117e26abcd,0.00,0.00,200000,2025-07-16 07:45:10.656429+00,2025-07-16 07:45:10.656429+00
3d346351-8c3c-4ffe-b0dd-4baf1cedf334,8f1c804e-0382-4f7f-8229-dda365aba5a2,7c5850f2-fd45-4187-98c9-c41515632dc8,0.00,0.00,200000,2025-07-16 07:45:10.656429+00,2025-07-16 07:45:10.656429+00
3e0ba03a-13b0-4d67-97f9-7db6f028061a,6553f989-77e9-4459-a327-a8f21d0c52b3,61f2a716-e5ed-41de-ab08-6e01637c5b51,0.00,0.00,200000,2025-07-16 07:45:10.656429+00,2025-07-16 07:45:10.656429+00
3e556568-e103-478f-93e7-501cb33c96af,366ff3a9-430e-4055-af48-9d674e4aaf15,80071d9e-fa85-41ab-9531-f34391e84bec,0.01,0.01,200000,2025-07-16 07:45:10.656429+00,2025-07-16 07:45:10.656429+00
3f2202a5-f8d4-42c6-8bce-eac0c6075282,d2903cf6-dbdf-4a75-8ce7-93e3b0092e49,61f2a716-e5ed-41de-ab08-6e01637c5b51,0.01,0.01,200000,2025-07-16 07:45:10.656429+00,2025-07-16 07:45:10.656429+00
40f604ab-4b20-4e17-abd7-200aba1338f1,9a0fe470-d3ae-4a51-ae3b-217db367b329,80071d9e-fa85-41ab-9531-f34391e84bec,0.00,0.00,200000,2025-07-16 07:45:10.656429+00,2025-07-16 07:45:10.656429+00
40fc993c-fa15-462f-9bc4-62ff83fd485d,c617e8c8-7afe-4d28-a5ca-1379d9501be5,7c5850f2-fd45-4187-98c9-c41515632dc8,0.01,0.01,200000,2025-07-16 07:45:10.656429+00,2025-07-16 07:45:10.656429+00
4182eda7-9e9b-4d75-a7c1-29d12e4631d5,8f1c804e-0382-4f7f-8229-dda365aba5a2,553b1a53-5023-4a15-8d09-4787980a75ca,0.01,0.01,200000,2025-07-16 07:45:10.656429+00,2025-07-16 07:45:10.656429+00
4242be8f-bb72-4917-99b8-6db392e7fd2d,8f1c804e-0382-4f7f-8229-dda365aba5a2,8a67c9a8-4639-4533-b32c-3528929df464,0.01,0.01,200000,2025-07-16 07:45:10.656429+00,2025-07-16 07:45:10.656429+00
43fd891c-9b3c-483e-a23c-6baaa7328bc1,6d2f28b0-ffba-42b5-a905-22f9358a8a5b,18e98815-c7e1-4394-bfd1-3132a227ec0b,0.01,0.01,200000,2025-07-16 07:45:10.656429+00,2025-07-16 07:45:10.656429+00
4561826d-81a7-4632-bb13-be7dcc5ff769,a2dbd7dc-34da-4bf1-bb57-b7bcd3b014da,24521324-b93c-4354-911f-b7ef3b2c257c,0.01,0.01,200000,2025-07-16 07:45:10.656429+00,2025-07-16 07:45:10.656429+00
462008f3-25f6-4163-addc-34b9f0c58485,a2dbd7dc-34da-4bf1-bb57-b7bcd3b014da,b3c0323f-abba-423d-ad11-b6d9474080db,0.01,0.01,200000,2025-07-16 07:45:10.656429+00,2025-07-16 07:45:10.656429+00
462bd434-48ef-4a89-9469-68842eb57f08,968c5794-75e4-4ba4-9939-a234dde8d84d,61f2a716-e5ed-41de-ab08-6e01637c5b51,0.01,0.01,200000,2025-07-16 07:45:10.656429+00,2025-07-16 07:45:10.656429+00
463f57d5-dc72-4088-bd06-5edc43f7b23e,7c69d43b-f991-45bc-8f71-c28076888f37,5c5a67c7-d2f0-4c47-a332-1a8c3e2ce1c1,0.00,0.00,200000,2025-07-16 07:45:10.656429+00,2025-07-16 07:45:10.656429+00
478c5f22-af2c-4939-a66f-a3724d670d58,366ff3a9-430e-4055-af48-9d674e4aaf15,8abc701d-83db-485c-bb90-eea9da904eba,0.01,0.01,200000,2025-07-16 07:45:10.656429+00,2025-07-16 07:45:10.656429+00
489cc426-5997-4258-921c-ea1a6c6fb236,366ff3a9-430e-4055-af48-9d674e4aaf15,24521324-b93c-4354-911f-b7ef3b2c257c,0.00,0.01,200000,2025-07-16 07:45:10.656429+00,2025-07-16 07:45:10.656429+00
49bbf4a4-8298-409c-81d4-18179f9047a5,2028d662-e7e4-4c3c-94ee-4c0648b71f1c,b3c0323f-abba-423d-ad11-b6d9474080db,0.01,0.01,200000,2025-07-16 07:45:10.656429+00,2025-07-16 07:45:10.656429+00
4b07c9c4-7b3a-4e48-81ee-ee8fd71f1610,d2903cf6-dbdf-4a75-8ce7-93e3b0092e49,7c5850f2-fd45-4187-98c9-c41515632dc8,0.01,0.01,200000,2025-07-16 07:45:10.656429+00,2025-07-16 07:45:10.656429+00
4c9bf7c1-88f5-4cc4-82b2-894fc57ef7c2,f462ddec-0f01-46ff-ab43-5b20ef20355b,8abc701d-83db-485c-bb90-eea9da904eba,0.01,0.01,200000,2025-07-16 07:45:10.656429+00,2025-07-16 07:45:10.656429+00
4d067bb0-7f88-4387-b7da-154628f2eac5,f462ddec-0f01-46ff-ab43-5b20ef20355b,8a67c9a8-4639-4533-b32c-3528929df464,0.00,0.01,200000,2025-07-16 07:45:10.656429+00,2025-07-16 07:45:10.656429+00
4d3c398b-0b82-4593-95cb-dff4cf63dd8d,e231c92f-f237-40ba-8b35-9040bb3f6e23,18e98815-c7e1-4394-bfd1-3132a227ec0b,0.00,0.00,200000,2025-07-16 07:45:10.656429+00,2025-07-16 07:45:10.656429+00
4d469558-cc6f-4b39-9c67-6e1faa490f16,968c5794-75e4-4ba4-9939-a234dde8d84d,80071d9e-fa85-41ab-9531-f34391e84bec,0.01,0.01,200000,2025-07-16 07:45:10.656429+00,2025-07-16 07:45:10.656429+00
4dbceabc-5b4d-418f-a66b-ca27a2860cd2,9a0fe470-d3ae-4a51-ae3b-217db367b329,8a67c9a8-4639-4533-b32c-3528929df464,0.01,0.01,200000,2025-07-16 07:45:10.656429+00,2025-07-16 07:45:10.656429+00
4dda5333-a3ed-4c1e-b366-eec7aba84181,f462ddec-0f01-46ff-ab43-5b20ef20355b,18e98815-c7e1-4394-bfd1-3132a227ec0b,0.01,0.01,200000,2025-07-16 07:45:10.656429+00,2025-07-16 07:45:10.656429+00
4e228d86-9333-44c4-ad04-cd996b339a4a,6d2f28b0-ffba-42b5-a905-22f9358a8a5b,61f2a716-e5ed-41de-ab08-6e01637c5b51,0.01,0.01,200000,2025-07-16 07:45:10.656429+00,2025-07-16 07:45:10.656429+00
4f0d10fb-d47c-4ae7-8ed1-6dd3eac59797,c1ba1ff2-3eaf-48f4-82f1-41e3a68d55a1,6c5a67c7-d2f0-4c47-a332-1a8c3e2ce1c2,0.01,0.01,200000,2025-07-16 07:45:10.656429+00,2025-07-16 07:45:10.656429+00
4fea1e62-a38d-42a4-9b44-0ae23873b49a,814cde2d-95b2-41fc-8ed0-271ba2170968,8abc701d-83db-485c-bb90-eea9da904eba,0.00,0.00,200000,2025-07-16 07:45:10.656429+00,2025-07-16 07:45:10.656429+00
507b9f0b-752f-4a45-99d7-743b34d39b20,2b7bd9fc-f236-48cb-8667-ad62c2eb4a01,8abc701d-83db-485c-bb90-eea9da904eba,0.00,0.00,200000,2025-07-16 07:45:10.656429+00,2025-07-16 07:45:10.656429+00
53332a7c-2de4-4908-9712-fb796b8df80e,d4d45641-60ba-468d-ac8f-d7012e5a9cdf,8abc701d-83db-485c-bb90-eea9da904eba,0.00,0.00,200000,2025-07-16 07:45:10.656429+00,2025-07-16 07:45:10.656429+00
53565813-d526-47ce-a11b-8f9f66e80b29,d4d45641-60ba-468d-ac8f-d7012e5a9cdf,553b1a53-5023-4a15-8d09-4787980a75ca,0.01,0.01,200000,2025-07-16 07:45:10.656429+00,2025-07-16 07:45:10.656429+00
5367d589-2e98-4cee-9141-21261aa54948,c1ba1ff2-3eaf-48f4-82f1-41e3a68d55a1,3bc2f4dd-ce0c-4d54-b477-f7e98bf73963,0.00,0.00,200000,2025-07-16 07:45:10.656429+00,2025-07-16 07:45:10.656429+00
55ab7627-c1e3-4f0b-8ad6-6ae86aaba962,cd61344a-92b2-40dc-bc3a-9dcfcaab94ee,6c5a67c7-d2f0-4c47-a332-1a8c3e2ce1c2,0.00,0.00,200000,2025-07-16 07:45:10.656429+00,2025-07-16 07:45:10.656429+00
5694ddec-97e6-4f69-ac9b-1e74bb631038,1bf4bb87-9e44-4beb-b337-1f45a58fd731,7c5850f2-fd45-4187-98c9-c41515632dc8,0.01,0.01,200000,2025-07-16 07:45:10.656429+00,2025-07-16 07:45:10.656429+00
56fbce1b-99b8-45b2-97a5-49e02d49878a,7c69d43b-f991-45bc-8f71-c28076888f37,553b1a53-5023-4a15-8d09-4787980a75ca,0.01,0.01,200000,2025-07-16 07:45:10.656429+00,2025-07-16 07:45:10.656429+00
5730fc8f-ed0c-44d6-ae8d-dea2df60ff97,43bd4be6-9cce-48a9-a3cc-09f8ee7596c2,6c5a67c7-d2f0-4c47-a332-1a8c3e2ce1c2,0.01,0.01,200000,2025-07-16 07:45:10.656429+00,2025-07-16 07:45:10.656429+00
5732faa6-ded5-4128-9b80-42e20f8b3a8e,cd61344a-92b2-40dc-bc3a-9dcfcaab94ee,eae42269-bdb6-44ae-a5b9-41117e26abcd,0.01,0.01,200000,2025-07-16 07:45:10.656429+00,2025-07-16 07:45:10.656429+00
579e4163-e3e6-431d-be38-01cfd54a35b3,e0228558-58ba-4d45-a257-b7b4d171f06e,eae42269-bdb6-44ae-a5b9-41117e26abcd,0.01,0.01,200000,2025-07-16 07:45:10.656429+00,2025-07-16 07:45:10.656429+00
5894a452-9224-45bd-8d3d-749c742309c9,f462ddec-0f01-46ff-ab43-5b20ef20355b,61f2a716-e5ed-41de-ab08-6e01637c5b51,0.01,0.01,200000,2025-07-16 07:45:10.656429+00,2025-07-16 07:45:10.656429+00
58e60dde-1d1e-48f7-ac7f-09b2020e6163,e0228558-58ba-4d45-a257-b7b4d171f06e,18e98815-c7e1-4394-bfd1-3132a227ec0b,0.01,0.01,200000,2025-07-16 07:45:10.656429+00,2025-07-16 07:45:10.656429+00
593de77c-5ac0-471d-9854-53c9cd6e38ff,4fc4a6ab-d018-482d-bfe4-275a66531e86,18e98815-c7e1-4394-bfd1-3132a227ec0b,0.00,0.00,200000,2025-07-16 07:45:10.656429+00,2025-07-16 07:45:10.656429+00
59d6ae15-d653-4dad-b312-f9a836b25bac,f462ddec-0f01-46ff-ab43-5b20ef20355b,24521324-b93c-4354-911f-b7ef3b2c257c,0.00,0.01,200000,2025-07-16 07:45:10.656429+00,2025-07-16 07:45:10.656429+00
5a2ede6f-b977-4a10-a11e-2bf1e168b4ed,3018212c-4657-445f-8226-9f11513c4879,553b1a53-5023-4a15-8d09-4787980a75ca,0.00,0.00,200000,2025-07-16 07:45:10.656429+00,2025-07-16 07:45:10.656429+00
5b0bd592-f2b3-482e-ad60-0774c4277341,f462ddec-0f01-46ff-ab43-5b20ef20355b,3bc2f4dd-ce0c-4d54-b477-f7e98bf73963,0.01,0.01,200000,2025-07-16 07:45:10.656429+00,2025-07-16 07:45:10.656429+00
5c25fbc1-225b-4994-a563-0b2c530cbaed,a2dbd7dc-34da-4bf1-bb57-b7bcd3b014da,8abc701d-83db-485c-bb90-eea9da904eba,0.00,0.00,200000,2025-07-16 07:45:10.656429+00,2025-07-16 07:45:10.656429+00
5ca2ba2b-efc2-44b3-8dbd-353a88e1fafa,1bf4bb87-9e44-4beb-b337-1f45a58fd731,61f2a716-e5ed-41de-ab08-6e01637c5b51,0.01,0.01,200000,2025-07-16 07:45:10.656429+00,2025-07-16 07:45:10.656429+00
5d60077f-339d-4193-8c87-ecb40db04227,f462ddec-0f01-46ff-ab43-5b20ef20355b,553b1a53-5023-4a15-8d09-4787980a75ca,0.00,0.01,200000,2025-07-16 07:45:10.656429+00,2025-07-16 07:45:10.656429+00
5d668dd1-fa72-4198-9b49-d0d71d833dc0,288f81f9-3b22-4e9c-be2b-2dc52d0f3b29,5c5a67c7-d2f0-4c47-a332-1a8c3e2ce1c1,0.01,0.01,200000,2025-07-16 07:45:10.656429+00,2025-07-16 07:45:10.656429+00
5da5553e-2cff-4eb2-a0ac-0535e85e0554,e0228558-58ba-4d45-a257-b7b4d171f06e,6c5a67c7-d2f0-4c47-a332-1a8c3e2ce1c2,0.00,0.00,200000,2025-07-16 07:45:10.656429+00,2025-07-16 07:45:10.656429+00
5de67117-07bf-4a2b-93fb-d0879e636f60,c9c7790f-b3dd-432c-aee7-3b3413a0de35,6c5a67c7-d2f0-4c47-a332-1a8c3e2ce1c2,0.01,0.01,200000,2025-07-16 07:45:10.656429+00,2025-07-16 07:45:10.656429+00
608f0b46-803d-4927-9814-be590300828b,366ff3a9-430e-4055-af48-9d674e4aaf15,18e98815-c7e1-4394-bfd1-3132a227ec0b,0.01,0.01,200000,2025-07-16 07:45:10.656429+00,2025-07-16 07:45:10.656429+00
60ca0524-02a4-4cd2-b316-9ed75497e70b,d2903cf6-dbdf-4a75-8ce7-93e3b0092e49,18e98815-c7e1-4394-bfd1-3132a227ec0b,0.01,0.01,200000,2025-07-16 07:45:10.656429+00,2025-07-16 07:45:10.656429+00
611a27da-0b63-4f9e-b02b-7db0ac6632cd,d0122a69-7fdb-4d0b-962d-b33cff0c7ea1,5c5a67c7-d2f0-4c47-a332-1a8c3e2ce1c1,0.00,0.00,200000,2025-07-16 07:45:10.656429+00,2025-07-16 07:45:10.656429+00
61814c12-961b-4679-877a-0df4ea84a874,968c5794-75e4-4ba4-9939-a234dde8d84d,8a67c9a8-4639-4533-b32c-3528929df464,0.01,0.01,200000,2025-07-16 07:45:10.656429+00,2025-07-16 07:45:10.656429+00
61dd98ab-d686-4e56-86a9-1d790fa3824b,e231c92f-f237-40ba-8b35-9040bb3f6e23,8a67c9a8-4639-4533-b32c-3528929df464,0.01,0.01,200000,2025-07-16 07:45:10.656429+00,2025-07-16 07:45:10.656429+00
621a5726-6e2b-4c63-88c1-66ca677df2c5,4fc4a6ab-d018-482d-bfe4-275a66531e86,b3c0323f-abba-423d-ad11-b6d9474080db,0.01,0.01,200000,2025-07-16 07:45:10.656429+00,2025-07-16 07:45:10.656429+00
6326f847-5d40-4876-b752-52cf364d720d,4fc4a6ab-d018-482d-bfe4-275a66531e86,80071d9e-fa85-41ab-9531-f34391e84bec,0.00,0.00,200000,2025-07-16 07:45:10.656429+00,2025-07-16 07:45:10.656429+00
635d6eae-8892-4fdc-8ee2-114bf143047e,3018212c-4657-445f-8226-9f11513c4879,3bc2f4dd-ce0c-4d54-b477-f7e98bf73963,0.01,0.01,200000,2025-07-16 07:45:10.656429+00,2025-07-16 07:45:10.656429+00
64043cc0-2744-4044-a4da-ee7cc6d70533,8f1c804e-0382-4f7f-8229-dda365aba5a2,6c5a67c7-d2f0-4c47-a332-1a8c3e2ce1c2,0.01,0.01,200000,2025-07-16 07:45:10.656429+00,2025-07-16 07:45:10.656429+00
644dae73-deee-4cca-8172-1124550ea919,6d2f28b0-ffba-42b5-a905-22f9358a8a5b,7c5850f2-fd45-4187-98c9-c41515632dc8,0.01,0.01,200000,2025-07-16 07:45:10.656429+00,2025-07-16 07:45:10.656429+00
64beb028-67e2-436d-b36e-e34e6fe6ad08,c9c7790f-b3dd-432c-aee7-3b3413a0de35,b3c0323f-abba-423d-ad11-b6d9474080db,0.01,0.01,200000,2025-07-16 07:45:10.656429+00,2025-07-16 07:45:10.656429+00
64d8f406-5510-4da2-a7d8-21fbfc3a5f4f,d2903cf6-dbdf-4a75-8ce7-93e3b0092e49,b3c0323f-abba-423d-ad11-b6d9474080db,0.00,0.00,200000,2025-07-16 07:45:10.656429+00,2025-07-16 07:45:10.656429+00
64ec819d-146b-409e-ab39-b5998b74d0b6,814cde2d-95b2-41fc-8ed0-271ba2170968,7d42d186-c243-47ef-bdd3-09e3212b6b17,0.00,0.00,200000,2025-07-16 07:45:10.656429+00,2025-07-16 07:45:10.656429+00
658777a5-4e18-4c78-931f-bc22f7da23d9,8f1c804e-0382-4f7f-8229-dda365aba5a2,8abc701d-83db-485c-bb90-eea9da904eba,0.00,0.00,200000,2025-07-16 07:45:10.656429+00,2025-07-16 07:45:10.656429+00
658db388-4a93-432a-b134-3a530fb9b94f,cd61344a-92b2-40dc-bc3a-9dcfcaab94ee,61f2a716-e5ed-41de-ab08-6e01637c5b51,0.01,0.01,200000,2025-07-16 07:45:10.656429+00,2025-07-16 07:45:10.656429+00
65cbeba8-43ad-4ece-9f81-18f9c79c20c5,2028d662-e7e4-4c3c-94ee-4c0648b71f1c,7d42d186-c243-47ef-bdd3-09e3212b6b17,0.00,0.00,200000,2025-07-16 07:45:10.656429+00,2025-07-16 07:45:10.656429+00
65cefb7e-911b-4844-9d30-b4dc797a9854,d2903cf6-dbdf-4a75-8ce7-93e3b0092e49,3bc2f4dd-ce0c-4d54-b477-f7e98bf73963,0.01,0.01,200000,2025-07-16 07:45:10.656429+00,2025-07-16 07:45:10.656429+00
662d116d-c703-4b7b-a16f-002947a97336,14a5a813-5a82-42e7-bf9c-6531d9079476,80071d9e-fa85-41ab-9531-f34391e84bec,0.01,0.01,200000,2025-07-16 07:45:10.656429+00,2025-07-16 07:45:10.656429+00
66ca3707-7297-4124-9839-ebe66b4b7b7c,6d2f28b0-ffba-42b5-a905-22f9358a8a5b,b3c0323f-abba-423d-ad11-b6d9474080db,0.00,0.00,200000,2025-07-16 07:45:10.656429+00,2025-07-16 07:45:10.656429+00
66d43a9f-c9e2-42d2-aaf3-5fa1a6a4053e,814cde2d-95b2-41fc-8ed0-271ba2170968,18e98815-c7e1-4394-bfd1-3132a227ec0b,0.00,0.00,200000,2025-07-16 07:45:10.656429+00,2025-07-16 07:45:10.656429+00
68a04079-8251-4656-bf90-83ff40d8d22b,366ff3a9-430e-4055-af48-9d674e4aaf15,eae42269-bdb6-44ae-a5b9-41117e26abcd,0.01,0.01,200000,2025-07-16 07:45:10.656429+00,2025-07-16 07:45:10.656429+00
6a9a84ec-dc1b-4f98-9173-308365205cdd,e231c92f-f237-40ba-8b35-9040bb3f6e23,80071d9e-fa85-41ab-9531-f34391e84bec,0.00,0.00,200000,2025-07-16 07:45:10.656429+00,2025-07-16 07:45:10.656429+00
6afd4b06-ba34-4ea9-9acb-ae6948bb9d22,d0122a69-7fdb-4d0b-962d-b33cff0c7ea1,24521324-b93c-4354-911f-b7ef3b2c257c,0.00,0.01,200000,2025-07-16 07:45:10.656429+00,2025-07-16 07:45:10.656429+00
6d9faab4-3341-4cd2-be89-72d9497419d2,8f1c804e-0382-4f7f-8229-dda365aba5a2,b3c0323f-abba-423d-ad11-b6d9474080db,0.01,0.01,200000,2025-07-16 07:45:10.656429+00,2025-07-16 07:45:10.656429+00
6edd249a-0a60-4bbb-a0c0-9ecad16d1755,1bf4bb87-9e44-4beb-b337-1f45a58fd731,24521324-b93c-4354-911f-b7ef3b2c257c,0.00,0.01,200000,2025-07-16 07:45:10.656429+00,2025-07-16 07:45:10.656429+00
6f057ab9-a82f-4898-85a8-11ff12cc3788,4fc4a6ab-d018-482d-bfe4-275a66531e86,3bc2f4dd-ce0c-4d54-b477-f7e98bf73963,0.00,0.00,200000,2025-07-16 07:45:10.656429+00,2025-07-16 07:45:10.656429+00
6f781558-9726-48f6-b447-e02fa6de4b1a,4fc4a6ab-d018-482d-bfe4-275a66531e86,7d42d186-c243-47ef-bdd3-09e3212b6b17,0.00,0.00,200000,2025-07-16 07:45:10.656429+00,2025-07-16 07:45:10.656429+00
6f7ab38b-0fc0-476e-bbbe-68c0f1fcf6c7,3018212c-4657-445f-8226-9f11513c4879,6c5a67c7-d2f0-4c47-a332-1a8c3e2ce1c2,0.00,0.01,200000,2025-07-16 07:45:10.656429+00,2025-07-16 07:45:10.656429+00
701430d7-3360-4ef0-92c2-57a78a4944a0,968c5794-75e4-4ba4-9939-a234dde8d84d,5c5a67c7-d2f0-4c47-a332-1a8c3e2ce1c1,0.00,0.00,200000,2025-07-16 07:45:10.656429+00,2025-07-16 07:45:10.656429+00
702d98db-f5d6-4a48-b2aa-482a1d12473a,288f81f9-3b22-4e9c-be2b-2dc52d0f3b29,80071d9e-fa85-41ab-9531-f34391e84bec,0.00,0.00,200000,2025-07-16 07:45:10.656429+00,2025-07-16 07:45:10.656429+00
70c516c8-4862-4ba2-94ca-8f2ac741ac89,814cde2d-95b2-41fc-8ed0-271ba2170968,7c5850f2-fd45-4187-98c9-c41515632dc8,0.00,0.00,200000,2025-07-16 07:45:10.656429+00,2025-07-16 07:45:10.656429+00
718c341b-1e06-41fb-ad63-7b777bfebb64,288f81f9-3b22-4e9c-be2b-2dc52d0f3b29,8a67c9a8-4639-4533-b32c-3528929df464,0.01,0.01,200000,2025-07-16 07:45:10.656429+00,2025-07-16 07:45:10.656429+00
727a1f79-1e5d-456e-a363-0630b2d56629,79531671-cb34-42f7-8c43-e544bfe2e4bf,18e98815-c7e1-4394-bfd1-3132a227ec0b,0.01,0.01,200000,2025-07-16 07:45:10.656429+00,2025-07-16 07:45:10.656429+00
72ad3086-ffbc-4d7e-b980-0960ea06ff53,d4d45641-60ba-468d-ac8f-d7012e5a9cdf,61f2a716-e5ed-41de-ab08-6e01637c5b51,0.00,0.00,200000,2025-07-16 07:45:10.656429+00,2025-07-16 07:45:10.656429+00
749e0c3b-3486-4195-a3ac-24d400aa9429,8f1c804e-0382-4f7f-8229-dda365aba5a2,61f2a716-e5ed-41de-ab08-6e01637c5b51,0.00,0.00,200000,2025-07-16 07:45:10.656429+00,2025-07-16 07:45:10.656429+00
773d1331-8719-4eb3-8dc1-d23bb96f3c56,2b7bd9fc-f236-48cb-8667-ad62c2eb4a01,b3c0323f-abba-423d-ad11-b6d9474080db,0.01,0.01,200000,2025-07-16 07:45:10.656429+00,2025-07-16 07:45:10.656429+00
77848cb1-39e4-4d33-bd26-a3caa2522354,6d2f28b0-ffba-42b5-a905-22f9358a8a5b,80071d9e-fa85-41ab-9531-f34391e84bec,0.01,0.01,200000,2025-07-16 07:45:10.656429+00,2025-07-16 07:45:10.656429+00
7851a68d-bcd8-435f-bcad-972c901a0b60,cd61344a-92b2-40dc-bc3a-9dcfcaab94ee,3bc2f4dd-ce0c-4d54-b477-f7e98bf73963,0.01,0.01,200000,2025-07-16 07:45:10.656429+00,2025-07-16 07:45:10.656429+00
788e9813-d92b-468a-ae4a-f37e669ec109,814cde2d-95b2-41fc-8ed0-271ba2170968,24521324-b93c-4354-911f-b7ef3b2c257c,0.01,0.01,200000,2025-07-16 07:45:10.656429+00,2025-07-16 07:45:10.656429+00
79512d55-997e-4638-a001-21cc3cf2227a,c9c7790f-b3dd-432c-aee7-3b3413a0de35,18e98815-c7e1-4394-bfd1-3132a227ec0b,0.00,0.00,200000,2025-07-16 07:45:10.656429+00,2025-07-16 07:45:10.656429+00
7af18eb1-c7af-4990-99ca-268249f6486f,9a0fe470-d3ae-4a51-ae3b-217db367b329,8abc701d-83db-485c-bb90-eea9da904eba,0.00,0.00,200000,2025-07-16 07:45:10.656429+00,2025-07-16 07:45:10.656429+00
7b61133d-5d53-4c81-993c-14b9e95887f5,6553f989-77e9-4459-a327-a8f21d0c52b3,24521324-b93c-4354-911f-b7ef3b2c257c,0.01,0.01,200000,2025-07-16 07:45:10.656429+00,2025-07-16 07:45:10.656429+00
7c215f2d-4c17-4714-a4b0-7eb9b766fb66,c617e8c8-7afe-4d28-a5ca-1379d9501be5,5c5a67c7-d2f0-4c47-a332-1a8c3e2ce1c1,0.00,0.00,200000,2025-07-16 07:45:10.656429+00,2025-07-16 07:45:10.656429+00
7c772be9-cc04-4c56-9b08-233478bed9b9,43bd4be6-9cce-48a9-a3cc-09f8ee7596c2,61f2a716-e5ed-41de-ab08-6e01637c5b51,0.00,0.00,200000,2025-07-16 07:45:10.656429+00,2025-07-16 07:45:10.656429+00
7c96cf9d-1038-42b6-af4c-a1cd0ff508b1,a2dbd7dc-34da-4bf1-bb57-b7bcd3b014da,5c5a67c7-d2f0-4c47-a332-1a8c3e2ce1c1,0.01,0.01,200000,2025-07-16 07:45:10.656429+00,2025-07-16 07:45:10.656429+00
7d29342c-79d9-4ca1-8b5d-6be89869c80f,6553f989-77e9-4459-a327-a8f21d0c52b3,18e98815-c7e1-4394-bfd1-3132a227ec0b,0.00,0.00,200000,2025-07-16 07:45:10.656429+00,2025-07-16 07:45:10.656429+00
7d59e04c-b511-46f4-954d-5f800a628f38,288f81f9-3b22-4e9c-be2b-2dc52d0f3b29,8abc701d-83db-485c-bb90-eea9da904eba,0.00,0.00,200000,2025-07-16 07:45:10.656429+00,2025-07-16 07:45:10.656429+00
7eb0adbd-b492-4965-ab62-ba50eea56158,e231c92f-f237-40ba-8b35-9040bb3f6e23,7c5850f2-fd45-4187-98c9-c41515632dc8,0.00,0.00,200000,2025-07-16 07:45:10.656429+00,2025-07-16 07:45:10.656429+00
7ee39b69-07ea-4de6-af49-458c7815c56a,79531671-cb34-42f7-8c43-e544bfe2e4bf,553b1a53-5023-4a15-8d09-4787980a75ca,0.00,0.00,200000,2025-07-16 07:45:10.656429+00,2025-07-16 07:45:10.656429+00
7eeb6c95-1fe3-4f6c-8b87-68bf4a1bf371,d0122a69-7fdb-4d0b-962d-b33cff0c7ea1,18e98815-c7e1-4394-bfd1-3132a227ec0b,0.01,0.01,200000,2025-07-16 07:45:10.656429+00,2025-07-16 07:45:10.656429+00
8068b805-ddb8-45bc-8d41-84862daddb45,d2903cf6-dbdf-4a75-8ce7-93e3b0092e49,8a67c9a8-4639-4533-b32c-3528929df464,0.01,0.01,200000,2025-07-16 07:45:10.656429+00,2025-07-16 07:45:10.656429+00
81227be3-fe3c-4d6c-8c75-faa308c316e5,968c5794-75e4-4ba4-9939-a234dde8d84d,18e98815-c7e1-4394-bfd1-3132a227ec0b,0.01,0.01,200000,2025-07-16 07:45:10.656429+00,2025-07-16 07:45:10.656429+00
81258ef9-e1e1-4ab5-a52b-9d77ac350773,968c5794-75e4-4ba4-9939-a234dde8d84d,553b1a53-5023-4a15-8d09-4787980a75ca,0.01,0.01,200000,2025-07-16 07:45:10.656429+00,2025-07-16 07:45:10.656429+00
82649376-1621-4c64-8635-e465ee910ad1,366ff3a9-430e-4055-af48-9d674e4aaf15,61f2a716-e5ed-41de-ab08-6e01637c5b51,0.01,0.01,200000,2025-07-16 07:45:10.656429+00,2025-07-16 07:45:10.656429+00
82827caa-dd37-46c6-bfcb-a95817771c90,c1ba1ff2-3eaf-48f4-82f1-41e3a68d55a1,80071d9e-fa85-41ab-9531-f34391e84bec,0.00,0.00,200000,2025-07-16 07:45:10.656429+00,2025-07-16 07:45:10.656429+00
83a685c7-1cbe-4950-bcb3-bff5196d832c,6553f989-77e9-4459-a327-a8f21d0c52b3,b3c0323f-abba-423d-ad11-b6d9474080db,0.01,0.01,200000,2025-07-16 07:45:10.656429+00,2025-07-16 07:45:10.656429+00
843328a1-14c4-4223-9c89-37e33f184ea4,cd61344a-92b2-40dc-bc3a-9dcfcaab94ee,24521324-b93c-4354-911f-b7ef3b2c257c,0.01,0.01,200000,2025-07-16 07:45:10.656429+00,2025-07-16 07:45:10.656429+00
85712f0c-50cf-447b-be14-0b449b898b40,366ff3a9-430e-4055-af48-9d674e4aaf15,b3c0323f-abba-423d-ad11-b6d9474080db,0.00,0.00,200000,2025-07-16 07:45:10.656429+00,2025-07-16 07:45:10.656429+00
8623f287-934e-4948-a495-08ec8b9bcac2,4fc4a6ab-d018-482d-bfe4-275a66531e86,6c5a67c7-d2f0-4c47-a332-1a8c3e2ce1c2,0.01,0.01,200000,2025-07-16 07:45:10.656429+00,2025-07-16 07:45:10.656429+00
86b181fa-7a80-46ba-a8c0-d971db9c1571,c1ba1ff2-3eaf-48f4-82f1-41e3a68d55a1,61f2a716-e5ed-41de-ab08-6e01637c5b51,0.00,0.00,200000,2025-07-16 07:45:10.656429+00,2025-07-16 07:45:10.656429+00
86bf3643-d2a8-4fb7-b84d-a6c6c31993a1,7c69d43b-f991-45bc-8f71-c28076888f37,eae42269-bdb6-44ae-a5b9-41117e26abcd,0.01,0.01,200000,2025-07-16 07:45:10.656429+00,2025-07-16 07:45:10.656429+00
891b9093-798a-4f6e-b3ba-5b6c1f5a2c6f,6d2f28b0-ffba-42b5-a905-22f9358a8a5b,553b1a53-5023-4a15-8d09-4787980a75ca,0.00,0.01,200000,2025-07-16 07:45:10.656429+00,2025-07-16 07:45:10.656429+00
8955de4f-89f5-44c2-a965-5e9a3b56433a,e231c92f-f237-40ba-8b35-9040bb3f6e23,5c5a67c7-d2f0-4c47-a332-1a8c3e2ce1c1,0.01,0.01,200000,2025-07-16 07:45:10.656429+00,2025-07-16 07:45:10.656429+00
8a128eed-2ecc-4cbf-bdd0-f556186905e2,1bf4bb87-9e44-4beb-b337-1f45a58fd731,8abc701d-83db-485c-bb90-eea9da904eba,0.01,0.01,200000,2025-07-16 07:45:10.656429+00,2025-07-16 07:45:10.656429+00
8a3dd914-f54f-4d0c-9e2e-e1484002161e,1bf4bb87-9e44-4beb-b337-1f45a58fd731,5c5a67c7-d2f0-4c47-a332-1a8c3e2ce1c1,0.00,0.00,200000,2025-07-16 07:45:10.656429+00,2025-07-16 07:45:10.656429+00
8a41fbae-1e83-4b82-9518-4213381ade10,cd61344a-92b2-40dc-bc3a-9dcfcaab94ee,7c5850f2-fd45-4187-98c9-c41515632dc8,0.01,0.01,200000,2025-07-16 07:45:10.656429+00,2025-07-16 07:45:10.656429+00
8b584fec-e786-48a9-a760-4b57159c4d12,cd61344a-92b2-40dc-bc3a-9dcfcaab94ee,5c5a67c7-d2f0-4c47-a332-1a8c3e2ce1c1,0.00,0.00,200000,2025-07-16 07:45:10.656429+00,2025-07-16 07:45:10.656429+00
8c909f85-d88c-4192-b18c-107135c5fdf3,2b7bd9fc-f236-48cb-8667-ad62c2eb4a01,18e98815-c7e1-4394-bfd1-3132a227ec0b,0.00,0.00,200000,2025-07-16 07:45:10.656429+00,2025-07-16 07:45:10.656429+00
8da2511a-36af-4aca-ae90-656512d21bc1,e0228558-58ba-4d45-a257-b7b4d171f06e,24521324-b93c-4354-911f-b7ef3b2c257c,0.00,0.01,200000,2025-07-16 07:45:10.656429+00,2025-07-16 07:45:10.656429+00
8ede42a4-b776-4591-b2a2-b2279335cd83,2b7bd9fc-f236-48cb-8667-ad62c2eb4a01,7d42d186-c243-47ef-bdd3-09e3212b6b17,0.00,0.00,200000,2025-07-16 07:45:10.656429+00,2025-07-16 07:45:10.656429+00
8fac884a-62cb-459c-ba8e-49b51a2c9ee4,3018212c-4657-445f-8226-9f11513c4879,5c5a67c7-d2f0-4c47-a332-1a8c3e2ce1c1,0.00,0.01,200000,2025-07-16 07:45:10.656429+00,2025-07-16 07:45:10.656429+00
90231ce9-ec29-4b73-8abe-c80d8dbc0bf9,1bf4bb87-9e44-4beb-b337-1f45a58fd731,eae42269-bdb6-44ae-a5b9-41117e26abcd,0.01,0.01,200000,2025-07-16 07:45:10.656429+00,2025-07-16 07:45:10.656429+00
904361b6-5e0f-4c89-aae1-4f5cded37026,43bd4be6-9cce-48a9-a3cc-09f8ee7596c2,8abc701d-83db-485c-bb90-eea9da904eba,0.00,0.00,200000,2025-07-16 07:45:10.656429+00,2025-07-16 07:45:10.656429+00
9086b789-62a9-4e0c-a8eb-71b76b417f90,2028d662-e7e4-4c3c-94ee-4c0648b71f1c,3bc2f4dd-ce0c-4d54-b477-f7e98bf73963,0.00,0.00,200000,2025-07-16 07:45:10.656429+00,2025-07-16 07:45:10.656429+00
90f88eb2-d7bf-4952-8e05-3395fdb532ad,d2903cf6-dbdf-4a75-8ce7-93e3b0092e49,eae42269-bdb6-44ae-a5b9-41117e26abcd,0.01,0.01,200000,2025-07-16 07:45:10.656429+00,2025-07-16 07:45:10.656429+00
9104f4ab-a64f-49a8-8183-4baa085d3e00,c9c7790f-b3dd-432c-aee7-3b3413a0de35,80071d9e-fa85-41ab-9531-f34391e84bec,0.00,0.00,200000,2025-07-16 07:45:10.656429+00,2025-07-16 07:45:10.656429+00
91f4c965-d027-42ca-8488-dab862542465,8f1c804e-0382-4f7f-8229-dda365aba5a2,5c5a67c7-d2f0-4c47-a332-1a8c3e2ce1c1,0.01,0.01,200000,2025-07-16 07:45:10.656429+00,2025-07-16 07:45:10.656429+00
921e26d1-b082-4bce-ba5c-2f7e8493721b,814cde2d-95b2-41fc-8ed0-271ba2170968,61f2a716-e5ed-41de-ab08-6e01637c5b51,0.00,0.00,200000,2025-07-16 07:45:10.656429+00,2025-07-16 07:45:10.656429+00
923da888-22bf-457e-b36f-f7e08fe448a2,6553f989-77e9-4459-a327-a8f21d0c52b3,5c5a67c7-d2f0-4c47-a332-1a8c3e2ce1c1,0.01,0.01,200000,2025-07-16 07:45:10.656429+00,2025-07-16 07:45:10.656429+00
93138b87-d97b-4bb9-9f55-3825113a7a0e,c617e8c8-7afe-4d28-a5ca-1379d9501be5,24521324-b93c-4354-911f-b7ef3b2c257c,0.01,0.01,200000,2025-07-16 07:45:10.656429+00,2025-07-16 07:45:10.656429+00
93575856-86db-496a-b054-7f3fa18bcd58,a2dbd7dc-34da-4bf1-bb57-b7bcd3b014da,553b1a53-5023-4a15-8d09-4787980a75ca,0.01,0.01,200000,2025-07-16 07:45:10.656429+00,2025-07-16 07:45:10.656429+00
9398449e-e750-4449-ad71-da03329d8340,d2903cf6-dbdf-4a75-8ce7-93e3b0092e49,553b1a53-5023-4a15-8d09-4787980a75ca,0.01,0.01,200000,2025-07-16 07:45:10.656429+00,2025-07-16 07:45:10.656429+00
94212a94-0a35-46c4-b1b7-41dcb1b4e8a0,d0122a69-7fdb-4d0b-962d-b33cff0c7ea1,6c5a67c7-d2f0-4c47-a332-1a8c3e2ce1c2,0.00,0.00,200000,2025-07-16 07:45:10.656429+00,2025-07-16 07:45:10.656429+00
956a802c-8cf2-4003-9a05-3dee813d9a5a,6553f989-77e9-4459-a327-a8f21d0c52b3,eae42269-bdb6-44ae-a5b9-41117e26abcd,0.00,0.00,200000,2025-07-16 07:45:10.656429+00,2025-07-16 07:45:10.656429+00
9607afa1-8b49-480f-a7c6-5f31d9974136,43bd4be6-9cce-48a9-a3cc-09f8ee7596c2,553b1a53-5023-4a15-8d09-4787980a75ca,0.01,0.01,200000,2025-07-16 07:45:10.656429+00,2025-07-16 07:45:10.656429+00
9665f888-a270-4e63-827b-cd6a35510f24,e0228558-58ba-4d45-a257-b7b4d171f06e,b3c0323f-abba-423d-ad11-b6d9474080db,0.00,0.00,200000,2025-07-16 07:45:10.656429+00,2025-07-16 07:45:10.656429+00
9877699b-47cb-4ec3-8c24-4d8ee32e31e7,e231c92f-f237-40ba-8b35-9040bb3f6e23,b3c0323f-abba-423d-ad11-b6d9474080db,0.01,0.01,200000,2025-07-16 07:45:10.656429+00,2025-07-16 07:45:10.656429+00
9897e10a-6189-4fc5-9dd9-f5f4c6c29d5b,c9c7790f-b3dd-432c-aee7-3b3413a0de35,7c5850f2-fd45-4187-98c9-c41515632dc8,0.00,0.00,200000,2025-07-16 07:45:10.656429+00,2025-07-16 07:45:10.656429+00
98e8e3fd-8866-49a7-a678-dfd0c6bd9cea,c617e8c8-7afe-4d28-a5ca-1379d9501be5,7d42d186-c243-47ef-bdd3-09e3212b6b17,0.01,0.01,200000,2025-07-16 07:45:10.656429+00,2025-07-16 07:45:10.656429+00
9afc417e-7681-4a59-acde-ca56be9007c7,14a5a813-5a82-42e7-bf9c-6531d9079476,553b1a53-5023-4a15-8d09-4787980a75ca,0.01,0.01,200000,2025-07-16 07:45:10.656429+00,2025-07-16 07:45:10.656429+00
9b60b192-9d11-4f52-a122-757f28f4717d,3018212c-4657-445f-8226-9f11513c4879,7d42d186-c243-47ef-bdd3-09e3212b6b17,0.01,0.01,200000,2025-07-16 07:45:10.656429+00,2025-07-16 07:45:10.656429+00
9c14b753-0552-4836-9c22-e7a6ac981751,14a5a813-5a82-42e7-bf9c-6531d9079476,8abc701d-83db-485c-bb90-eea9da904eba,0.01,0.01,200000,2025-07-16 07:45:10.656429+00,2025-07-16 07:45:10.656429+00
9dbdfdba-5fc3-440e-8b3a-2db3b90de529,c1ba1ff2-3eaf-48f4-82f1-41e3a68d55a1,8abc701d-83db-485c-bb90-eea9da904eba,0.00,0.00,200000,2025-07-16 07:45:10.656429+00,2025-07-16 07:45:10.656429+00
9de66912-803c-4481-b3cd-53f12127e31e,288f81f9-3b22-4e9c-be2b-2dc52d0f3b29,3bc2f4dd-ce0c-4d54-b477-f7e98bf73963,0.00,0.00,200000,2025-07-16 07:45:10.656429+00,2025-07-16 07:45:10.656429+00
9e38c225-861e-4819-a59b-cf17c442756b,4fc4a6ab-d018-482d-bfe4-275a66531e86,8abc701d-83db-485c-bb90-eea9da904eba,0.00,0.00,200000,2025-07-16 07:45:10.656429+00,2025-07-16 07:45:10.656429+00
a080b9fe-7942-4fc8-bfcc-8c339a871270,8f1c804e-0382-4f7f-8229-dda365aba5a2,24521324-b93c-4354-911f-b7ef3b2c257c,0.01,0.01,200000,2025-07-16 07:45:10.656429+00,2025-07-16 07:45:10.656429+00
a188e2d1-ba44-4e60-ba60-4b5ead806342,2028d662-e7e4-4c3c-94ee-4c0648b71f1c,5c5a67c7-d2f0-4c47-a332-1a8c3e2ce1c1,0.01,0.01,200000,2025-07-16 07:45:10.656429+00,2025-07-16 07:45:10.656429+00
a33a0bd9-5c75-47bb-ba3b-4cac6900e630,2b7bd9fc-f236-48cb-8667-ad62c2eb4a01,553b1a53-5023-4a15-8d09-4787980a75ca,0.01,0.01,200000,2025-07-16 07:45:10.656429+00,2025-07-16 07:45:10.656429+00
a3a40bff-5347-4e75-be2b-ff19e61e541e,6553f989-77e9-4459-a327-a8f21d0c52b3,7d42d186-c243-47ef-bdd3-09e3212b6b17,0.00,0.00,200000,2025-07-16 07:45:10.656429+00,2025-07-16 07:45:10.656429+00
a3d48412-c75f-4fa4-8e26-2be4ec7ce173,1bf4bb87-9e44-4beb-b337-1f45a58fd731,553b1a53-5023-4a15-8d09-4787980a75ca,0.00,0.01,200000,2025-07-16 07:45:10.656429+00,2025-07-16 07:45:10.656429+00
a44d3050-cef0-4025-8339-88dbf9e9c677,d4d45641-60ba-468d-ac8f-d7012e5a9cdf,3bc2f4dd-ce0c-4d54-b477-f7e98bf73963,0.00,0.00,200000,2025-07-16 07:45:10.656429+00,2025-07-16 07:45:10.656429+00
a45d418d-6b7d-4480-bf00-9489310a4571,cd61344a-92b2-40dc-bc3a-9dcfcaab94ee,80071d9e-fa85-41ab-9531-f34391e84bec,0.01,0.01,200000,2025-07-16 07:45:10.656429+00,2025-07-16 07:45:10.656429+00
a4858cfe-9c73-4363-831a-7ced036c3934,c1ba1ff2-3eaf-48f4-82f1-41e3a68d55a1,eae42269-bdb6-44ae-a5b9-41117e26abcd,0.00,0.00,200000,2025-07-16 07:45:10.656429+00,2025-07-16 07:45:10.656429+00
a4b12650-1275-40f0-9539-b93739ef8d71,43bd4be6-9cce-48a9-a3cc-09f8ee7596c2,5c5a67c7-d2f0-4c47-a332-1a8c3e2ce1c1,0.01,0.01,200000,2025-07-16 07:45:10.656429+00,2025-07-16 07:45:10.656429+00
a5b7a319-7fbb-405a-a119-a6dbd5851913,d4d45641-60ba-468d-ac8f-d7012e5a9cdf,6c5a67c7-d2f0-4c47-a332-1a8c3e2ce1c2,0.01,0.01,200000,2025-07-16 07:45:10.656429+00,2025-07-16 07:45:10.656429+00
a60fd813-c08a-4b2e-b581-fb17abac56ce,14a5a813-5a82-42e7-bf9c-6531d9079476,61f2a716-e5ed-41de-ab08-6e01637c5b51,0.01,0.01,200000,2025-07-16 07:45:10.656429+00,2025-07-16 07:45:10.656429+00
a615baec-768f-4872-91b2-3dbce28e7364,f462ddec-0f01-46ff-ab43-5b20ef20355b,7d42d186-c243-47ef-bdd3-09e3212b6b17,0.01,0.01,200000,2025-07-16 07:45:10.656429+00,2025-07-16 07:45:10.656429+00
a6442160-2d0b-4eaf-8c06-f1c1caf95dac,f462ddec-0f01-46ff-ab43-5b20ef20355b,b3c0323f-abba-423d-ad11-b6d9474080db,0.00,0.00,200000,2025-07-16 07:45:10.656429+00,2025-07-16 07:45:10.656429+00
a65c9abb-d1f2-4e1a-86b4-712788895f2b,6d2f28b0-ffba-42b5-a905-22f9358a8a5b,24521324-b93c-4354-911f-b7ef3b2c257c,0.00,0.01,200000,2025-07-16 07:45:10.656429+00,2025-07-16 07:45:10.656429+00
a6a73509-4ff1-4213-9271-f17185fb01f1,c9c7790f-b3dd-432c-aee7-3b3413a0de35,8abc701d-83db-485c-bb90-eea9da904eba,0.00,0.00,200000,2025-07-16 07:45:10.656429+00,2025-07-16 07:45:10.656429+00
a7c579af-3b72-488c-8ced-53b0afd83968,7c69d43b-f991-45bc-8f71-c28076888f37,b3c0323f-abba-423d-ad11-b6d9474080db,0.00,0.00,200000,2025-07-16 07:45:10.656429+00,2025-07-16 07:45:10.656429+00
a7f65737-42df-4b8f-96ff-b1c8910c6184,7c69d43b-f991-45bc-8f71-c28076888f37,80071d9e-fa85-41ab-9531-f34391e84bec,0.01,0.01,200000,2025-07-16 07:45:10.656429+00,2025-07-16 07:45:10.656429+00
a8295603-11c0-48c6-9039-64bc217c677d,cd61344a-92b2-40dc-bc3a-9dcfcaab94ee,b3c0323f-abba-423d-ad11-b6d9474080db,0.00,0.00,200000,2025-07-16 07:45:10.656429+00,2025-07-16 07:45:10.656429+00
a88c8b67-62a1-4bab-945e-6b1b38b85345,c1ba1ff2-3eaf-48f4-82f1-41e3a68d55a1,18e98815-c7e1-4394-bfd1-3132a227ec0b,0.00,0.00,200000,2025-07-16 07:45:10.656429+00,2025-07-16 07:45:10.656429+00
a98404e0-b3c7-47e0-9443-e55062cea173,4fc4a6ab-d018-482d-bfe4-275a66531e86,24521324-b93c-4354-911f-b7ef3b2c257c,0.01,0.01,200000,2025-07-16 07:45:10.656429+00,2025-07-16 07:45:10.656429+00
aa02764a-00ea-4a7a-9689-8c7680340310,79531671-cb34-42f7-8c43-e544bfe2e4bf,8a67c9a8-4639-4533-b32c-3528929df464,0.00,0.00,200000,2025-07-16 07:45:10.656429+00,2025-07-16 07:45:10.656429+00
aa690916-2fbc-42d0-9c67-548ea905381b,14a5a813-5a82-42e7-bf9c-6531d9079476,5c5a67c7-d2f0-4c47-a332-1a8c3e2ce1c1,0.00,0.00,200000,2025-07-16 07:45:10.656429+00,2025-07-16 07:45:10.656429+00
ab8fa2a4-aea0-4e51-9b89-c145055fcc8a,c1ba1ff2-3eaf-48f4-82f1-41e3a68d55a1,7c5850f2-fd45-4187-98c9-c41515632dc8,0.00,0.00,200000,2025-07-16 07:45:10.656429+00,2025-07-16 07:45:10.656429+00
abaad7c3-565e-4e87-a263-730362883b8e,a2dbd7dc-34da-4bf1-bb57-b7bcd3b014da,8a67c9a8-4639-4533-b32c-3528929df464,0.01,0.01,200000,2025-07-16 07:45:10.656429+00,2025-07-16 07:45:10.656429+00
abf801a1-09de-4e21-aff7-e235b09b5398,6553f989-77e9-4459-a327-a8f21d0c52b3,7c5850f2-fd45-4187-98c9-c41515632dc8,0.00,0.00,200000,2025-07-16 07:45:10.656429+00,2025-07-16 07:45:10.656429+00
acb3c0a6-aa9f-4899-8535-47784b374f02,3018212c-4657-445f-8226-9f11513c4879,7c5850f2-fd45-4187-98c9-c41515632dc8,0.01,0.01,200000,2025-07-16 07:45:10.656429+00,2025-07-16 07:45:10.656429+00
ad171f1d-699f-4f89-9e73-5a1e8b1ef942,c617e8c8-7afe-4d28-a5ca-1379d9501be5,3bc2f4dd-ce0c-4d54-b477-f7e98bf73963,0.01,0.01,200000,2025-07-16 07:45:10.656429+00,2025-07-16 07:45:10.656429+00
ad83b948-d442-479b-91d0-9a8253e778a4,9a0fe470-d3ae-4a51-ae3b-217db367b329,61f2a716-e5ed-41de-ab08-6e01637c5b51,0.00,0.00,200000,2025-07-16 07:45:10.656429+00,2025-07-16 07:45:10.656429+00
adac9c7a-1564-40da-9b1a-5f3197f5b018,9a0fe470-d3ae-4a51-ae3b-217db367b329,553b1a53-5023-4a15-8d09-4787980a75ca,0.01,0.01,200000,2025-07-16 07:45:10.656429+00,2025-07-16 07:45:10.656429+00
af4bc0d3-0f92-4e99-913c-289b8bfd8952,2028d662-e7e4-4c3c-94ee-4c0648b71f1c,7c5850f2-fd45-4187-98c9-c41515632dc8,0.00,0.00,200000,2025-07-16 07:45:10.656429+00,2025-07-16 07:45:10.656429+00
b136427f-ccef-4c97-a46b-07ae126ef8c9,a2dbd7dc-34da-4bf1-bb57-b7bcd3b014da,80071d9e-fa85-41ab-9531-f34391e84bec,0.00,0.00,200000,2025-07-16 07:45:10.656429+00,2025-07-16 07:45:10.656429+00
b1adf6e1-a8d6-4ecb-aba1-17701097e073,c1ba1ff2-3eaf-48f4-82f1-41e3a68d55a1,8a67c9a8-4639-4533-b32c-3528929df464,0.01,0.01,200000,2025-07-16 07:45:10.656429+00,2025-07-16 07:45:10.656429+00
b213a672-2602-46f0-903a-f2e5fe01ec2e,c1ba1ff2-3eaf-48f4-82f1-41e3a68d55a1,553b1a53-5023-4a15-8d09-4787980a75ca,0.01,0.01,200000,2025-07-16 07:45:10.656429+00,2025-07-16 07:45:10.656429+00
b225ab72-c5b7-4dd6-abf0-0ced2fc10251,6553f989-77e9-4459-a327-a8f21d0c52b3,8abc701d-83db-485c-bb90-eea9da904eba,0.00,0.00,200000,2025-07-16 07:45:10.656429+00,2025-07-16 07:45:10.656429+00
b5b352f3-5cbe-43b8-986b-a64dc38c20e8,e0228558-58ba-4d45-a257-b7b4d171f06e,553b1a53-5023-4a15-8d09-4787980a75ca,0.00,0.01,200000,2025-07-16 07:45:10.656429+00,2025-07-16 07:45:10.656429+00
b5facbbc-adfd-4c79-88eb-4d6f915f3f75,3018212c-4657-445f-8226-9f11513c4879,8a67c9a8-4639-4533-b32c-3528929df464,0.00,0.00,200000,2025-07-16 07:45:10.656429+00,2025-07-16 07:45:10.656429+00
b7ef2bc6-12f9-45e9-932a-579db06a79bc,d0122a69-7fdb-4d0b-962d-b33cff0c7ea1,61f2a716-e5ed-41de-ab08-6e01637c5b51,0.01,0.01,200000,2025-07-16 07:45:10.656429+00,2025-07-16 07:45:10.656429+00
b8151cbe-36fb-4735-90c9-ddd3554e1d86,d2903cf6-dbdf-4a75-8ce7-93e3b0092e49,80071d9e-fa85-41ab-9531-f34391e84bec,0.01,0.01,200000,2025-07-16 07:45:10.656429+00,2025-07-16 07:45:10.656429+00
b861351e-ef64-4ce5-9c54-01b7625b8a5a,14a5a813-5a82-42e7-bf9c-6531d9079476,18e98815-c7e1-4394-bfd1-3132a227ec0b,0.01,0.01,200000,2025-07-16 07:45:10.656429+00,2025-07-16 07:45:10.656429+00
b87faa7c-80b4-4813-86be-4a3300e847da,366ff3a9-430e-4055-af48-9d674e4aaf15,8a67c9a8-4639-4533-b32c-3528929df464,0.00,0.01,200000,2025-07-16 07:45:10.656429+00,2025-07-16 07:45:10.656429+00
b8a8ec68-a8a2-4ac3-9646-6889dde588ed,7c69d43b-f991-45bc-8f71-c28076888f37,7d42d186-c243-47ef-bdd3-09e3212b6b17,0.01,0.01,200000,2025-07-16 07:45:10.656429+00,2025-07-16 07:45:10.656429+00
b8e208a1-b964-49b5-8194-3897982a0e39,79531671-cb34-42f7-8c43-e544bfe2e4bf,24521324-b93c-4354-911f-b7ef3b2c257c,0.00,0.00,200000,2025-07-16 07:45:10.656429+00,2025-07-16 07:45:10.656429+00
b98864df-2124-4236-905c-e93370bdd78a,968c5794-75e4-4ba4-9939-a234dde8d84d,24521324-b93c-4354-911f-b7ef3b2c257c,0.01,0.01,200000,2025-07-16 07:45:10.656429+00,2025-07-16 07:45:10.656429+00
b9c16ffe-0b69-425d-bf25-e6b606bb7278,7c69d43b-f991-45bc-8f71-c28076888f37,3bc2f4dd-ce0c-4d54-b477-f7e98bf73963,0.01,0.01,200000,2025-07-16 07:45:10.656429+00,2025-07-16 07:45:10.656429+00
b9f7ce01-ed74-4312-a70b-4582df808c90,c617e8c8-7afe-4d28-a5ca-1379d9501be5,61f2a716-e5ed-41de-ab08-6e01637c5b51,0.01,0.01,200000,2025-07-16 07:45:10.656429+00,2025-07-16 07:45:10.656429+00
bb040f5f-637f-423a-bf1b-40440b2d379e,43bd4be6-9cce-48a9-a3cc-09f8ee7596c2,3bc2f4dd-ce0c-4d54-b477-f7e98bf73963,0.00,0.00,200000,2025-07-16 07:45:10.656429+00,2025-07-16 07:45:10.656429+00
bb6aba84-d1b6-4ef7-92ea-07bdf965e790,14a5a813-5a82-42e7-bf9c-6531d9079476,6c5a67c7-d2f0-4c47-a332-1a8c3e2ce1c2,0.00,0.00,200000,2025-07-16 07:45:10.656429+00,2025-07-16 07:45:10.656429+00
bb792a16-c562-4383-ae95-b1b93c3cf87e,366ff3a9-430e-4055-af48-9d674e4aaf15,7d42d186-c243-47ef-bdd3-09e3212b6b17,0.01,0.01,200000,2025-07-16 07:45:10.656429+00,2025-07-16 07:45:10.656429+00
be531a7d-65b5-4102-838b-784c1d0667b7,288f81f9-3b22-4e9c-be2b-2dc52d0f3b29,7c5850f2-fd45-4187-98c9-c41515632dc8,0.00,0.00,200000,2025-07-16 07:45:10.656429+00,2025-07-16 07:45:10.656429+00
c0694ed5-5462-477b-9006-fcdb65cc7f46,2b7bd9fc-f236-48cb-8667-ad62c2eb4a01,5c5a67c7-d2f0-4c47-a332-1a8c3e2ce1c1,0.01,0.01,200000,2025-07-16 07:45:10.656429+00,2025-07-16 07:45:10.656429+00
c0a4a569-463b-4d0b-8b89-10160e12dca2,9a0fe470-d3ae-4a51-ae3b-217db367b329,eae42269-bdb6-44ae-a5b9-41117e26abcd,0.00,0.00,200000,2025-07-16 07:45:10.656429+00,2025-07-16 07:45:10.656429+00
c0bf3686-436f-4460-948b-37e6780c51d0,1bf4bb87-9e44-4beb-b337-1f45a58fd731,b3c0323f-abba-423d-ad11-b6d9474080db,0.00,0.00,200000,2025-07-16 07:45:10.656429+00,2025-07-16 07:45:10.656429+00
c14f6eb8-2ba8-4a72-ba46-a12c3cc5aacb,9a0fe470-d3ae-4a51-ae3b-217db367b329,5c5a67c7-d2f0-4c47-a332-1a8c3e2ce1c1,0.01,0.01,200000,2025-07-16 07:45:10.656429+00,2025-07-16 07:45:10.656429+00
c1a3af77-dd31-4049-8c59-837379e07546,79531671-cb34-42f7-8c43-e544bfe2e4bf,eae42269-bdb6-44ae-a5b9-41117e26abcd,0.01,0.01,200000,2025-07-16 07:45:10.656429+00,2025-07-16 07:45:10.656429+00
c2020524-0b5a-409d-800a-bed93c32e80f,c617e8c8-7afe-4d28-a5ca-1379d9501be5,8a67c9a8-4639-4533-b32c-3528929df464,0.01,0.01,200000,2025-07-16 07:45:10.656429+00,2025-07-16 07:45:10.656429+00
c23becc3-7ce4-4155-b4cd-150cb6dfd789,d4d45641-60ba-468d-ac8f-d7012e5a9cdf,18e98815-c7e1-4394-bfd1-3132a227ec0b,0.00,0.00,200000,2025-07-16 07:45:10.656429+00,2025-07-16 07:45:10.656429+00
c3c0d969-91a9-493d-98d8-efeea29513ea,d0122a69-7fdb-4d0b-962d-b33cff0c7ea1,3bc2f4dd-ce0c-4d54-b477-f7e98bf73963,0.01,0.01,200000,2025-07-16 07:45:10.656429+00,2025-07-16 07:45:10.656429+00
c43845f2-b726-419e-bf89-4a33ffc8fc82,e231c92f-f237-40ba-8b35-9040bb3f6e23,553b1a53-5023-4a15-8d09-4787980a75ca,0.01,0.01,200000,2025-07-16 07:45:10.656429+00,2025-07-16 07:45:10.656429+00
c438a4de-c31e-4497-a27a-13c9577c8366,6d2f28b0-ffba-42b5-a905-22f9358a8a5b,eae42269-bdb6-44ae-a5b9-41117e26abcd,0.01,0.01,200000,2025-07-16 07:45:10.656429+00,2025-07-16 07:45:10.656429+00
c46bc08b-1189-4049-8c84-82cc0d9656f3,8f1c804e-0382-4f7f-8229-dda365aba5a2,7d42d186-c243-47ef-bdd3-09e3212b6b17,0.00,0.00,200000,2025-07-16 07:45:10.656429+00,2025-07-16 07:45:10.656429+00
c545594c-a1f1-456c-a3b9-14af19fe02b0,288f81f9-3b22-4e9c-be2b-2dc52d0f3b29,553b1a53-5023-4a15-8d09-4787980a75ca,0.01,0.01,200000,2025-07-16 07:45:10.656429+00,2025-07-16 07:45:10.656429+00
c5b62c38-f302-4a50-93bd-3baeb3673c2e,8f1c804e-0382-4f7f-8229-dda365aba5a2,18e98815-c7e1-4394-bfd1-3132a227ec0b,0.00,0.00,200000,2025-07-16 07:45:10.656429+00,2025-07-16 07:45:10.656429+00
c5cf8c97-00aa-4b77-a8c4-c8ecd6daf7c2,6d2f28b0-ffba-42b5-a905-22f9358a8a5b,8abc701d-83db-485c-bb90-eea9da904eba,0.01,0.01,200000,2025-07-16 07:45:10.656429+00,2025-07-16 07:45:10.656429+00
c66a9830-01eb-4cc1-94d0-3c2908c67a1c,814cde2d-95b2-41fc-8ed0-271ba2170968,553b1a53-5023-4a15-8d09-4787980a75ca,0.01,0.01,200000,2025-07-16 07:45:10.656429+00,2025-07-16 07:45:10.656429+00
c7889440-d1a7-4cee-9c75-4cd3109626fc,d2903cf6-dbdf-4a75-8ce7-93e3b0092e49,7d42d186-c243-47ef-bdd3-09e3212b6b17,0.01,0.01,200000,2025-07-16 07:45:10.656429+00,2025-07-16 07:45:10.656429+00
c7943f0c-b90a-4279-83a6-23f655c0e8b1,d4d45641-60ba-468d-ac8f-d7012e5a9cdf,24521324-b93c-4354-911f-b7ef3b2c257c,0.01,0.01,200000,2025-07-16 07:45:10.656429+00,2025-07-16 07:45:10.656429+00
c7fd815d-98b6-4bd7-b22a-cff4d2c01869,a2dbd7dc-34da-4bf1-bb57-b7bcd3b014da,eae42269-bdb6-44ae-a5b9-41117e26abcd,0.00,0.00,200000,2025-07-16 07:45:10.656429+00,2025-07-16 07:45:10.656429+00
c80a61f2-2590-4046-b2ab-6acc3848d837,79531671-cb34-42f7-8c43-e544bfe2e4bf,6c5a67c7-d2f0-4c47-a332-1a8c3e2ce1c2,0.00,0.01,200000,2025-07-16 07:45:10.656429+00,2025-07-16 07:45:10.656429+00
c94126dc-eaff-4d46-98ee-6d1d672a136b,43bd4be6-9cce-48a9-a3cc-09f8ee7596c2,8a67c9a8-4639-4533-b32c-3528929df464,0.01,0.01,200000,2025-07-16 07:45:10.656429+00,2025-07-16 07:45:10.656429+00
ca3538d3-fc77-49b7-b046-bc5f32b1cf44,6d2f28b0-ffba-42b5-a905-22f9358a8a5b,3bc2f4dd-ce0c-4d54-b477-f7e98bf73963,0.01,0.01,200000,2025-07-16 07:45:10.656429+00,2025-07-16 07:45:10.656429+00
cd137365-8020-4078-a091-67870ab9c599,9a0fe470-d3ae-4a51-ae3b-217db367b329,24521324-b93c-4354-911f-b7ef3b2c257c,0.01,0.01,200000,2025-07-16 07:45:10.656429+00,2025-07-16 07:45:10.656429+00
cd34abfe-4042-42f5-bb93-e4c180d17bd7,9a0fe470-d3ae-4a51-ae3b-217db367b329,7d42d186-c243-47ef-bdd3-09e3212b6b17,0.00,0.00,200000,2025-07-16 07:45:10.656429+00,2025-07-16 07:45:10.656429+00
cdf5163e-f7a9-43ad-ac7a-6c3e7c2fc96d,f462ddec-0f01-46ff-ab43-5b20ef20355b,80071d9e-fa85-41ab-9531-f34391e84bec,0.01,0.01,200000,2025-07-16 07:45:10.656429+00,2025-07-16 07:45:10.656429+00
ce4f4e2b-5cbf-45fa-b4c4-e51f348df992,1bf4bb87-9e44-4beb-b337-1f45a58fd731,80071d9e-fa85-41ab-9531-f34391e84bec,0.01,0.01,200000,2025-07-16 07:45:10.656429+00,2025-07-16 07:45:10.656429+00
cf02cacb-3508-46ef-b5e6-cdb9d07b712e,cd61344a-92b2-40dc-bc3a-9dcfcaab94ee,553b1a53-5023-4a15-8d09-4787980a75ca,0.01,0.01,200000,2025-07-16 07:45:10.656429+00,2025-07-16 07:45:10.656429+00
cf4e150f-fb65-43c5-9425-425bf532f6a4,d0122a69-7fdb-4d0b-962d-b33cff0c7ea1,8abc701d-83db-485c-bb90-eea9da904eba,0.01,0.01,200000,2025-07-16 07:45:10.656429+00,2025-07-16 07:45:10.656429+00
cf678ba8-f5e7-4396-a342-e8b1bf40d5b6,e231c92f-f237-40ba-8b35-9040bb3f6e23,7d42d186-c243-47ef-bdd3-09e3212b6b17,0.00,0.00,200000,2025-07-16 07:45:10.656429+00,2025-07-16 07:45:10.656429+00
cf9cfc60-4769-4b8a-97e8-cbeca10331be,d4d45641-60ba-468d-ac8f-d7012e5a9cdf,7d42d186-c243-47ef-bdd3-09e3212b6b17,0.00,0.00,200000,2025-07-16 07:45:10.656429+00,2025-07-16 07:45:10.656429+00
d1662628-dcad-4b35-b039-cf2578266e0d,814cde2d-95b2-41fc-8ed0-271ba2170968,b3c0323f-abba-423d-ad11-b6d9474080db,0.01,0.01,200000,2025-07-16 07:45:10.656429+00,2025-07-16 07:45:10.656429+00
d1c6801c-93a1-40dd-b263-7472eae696eb,8f1c804e-0382-4f7f-8229-dda365aba5a2,3bc2f4dd-ce0c-4d54-b477-f7e98bf73963,0.00,0.00,200000,2025-07-16 07:45:10.656429+00,2025-07-16 07:45:10.656429+00
d1e81425-c986-4ccc-84cf-2bbbc9ee0f43,2028d662-e7e4-4c3c-94ee-4c0648b71f1c,553b1a53-5023-4a15-8d09-4787980a75ca,0.01,0.01,200000,2025-07-16 07:45:10.656429+00,2025-07-16 07:45:10.656429+00
d23fa242-b9fd-4e30-b9da-3da6e605fd2d,814cde2d-95b2-41fc-8ed0-271ba2170968,5c5a67c7-d2f0-4c47-a332-1a8c3e2ce1c1,0.01,0.01,200000,2025-07-16 07:45:10.656429+00,2025-07-16 07:45:10.656429+00
d3a315f3-00bd-41f0-a7c5-4cdc027b1626,d0122a69-7fdb-4d0b-962d-b33cff0c7ea1,80071d9e-fa85-41ab-9531-f34391e84bec,0.01,0.01,200000,2025-07-16 07:45:10.656429+00,2025-07-16 07:45:10.656429+00
d44c701a-0e8f-4a1c-b9e1-2dbb9aacc120,c9c7790f-b3dd-432c-aee7-3b3413a0de35,3bc2f4dd-ce0c-4d54-b477-f7e98bf73963,0.00,0.00,200000,2025-07-16 07:45:10.656429+00,2025-07-16 07:45:10.656429+00
d5bda698-caa5-4c1b-bd50-54783f217539,3018212c-4657-445f-8226-9f11513c4879,80071d9e-fa85-41ab-9531-f34391e84bec,0.01,0.01,200000,2025-07-16 07:45:10.656429+00,2025-07-16 07:45:10.656429+00
d5fb33e7-0f76-4962-b117-69dd192c2954,d4d45641-60ba-468d-ac8f-d7012e5a9cdf,80071d9e-fa85-41ab-9531-f34391e84bec,0.00,0.00,200000,2025-07-16 07:45:10.656429+00,2025-07-16 07:45:10.656429+00
d744f08a-745b-4615-8f14-23e54161ed7e,e0228558-58ba-4d45-a257-b7b4d171f06e,7d42d186-c243-47ef-bdd3-09e3212b6b17,0.01,0.01,200000,2025-07-16 07:45:10.656429+00,2025-07-16 07:45:10.656429+00
d83006b5-f619-425d-bc87-d81110171e86,14a5a813-5a82-42e7-bf9c-6531d9079476,24521324-b93c-4354-911f-b7ef3b2c257c,0.01,0.01,200000,2025-07-16 07:45:10.656429+00,2025-07-16 07:45:10.656429+00
d8c7a6d5-d65e-44d7-8da2-b1c09f55085f,6d2f28b0-ffba-42b5-a905-22f9358a8a5b,5c5a67c7-d2f0-4c47-a332-1a8c3e2ce1c1,0.00,0.00,200000,2025-07-16 07:45:10.656429+00,2025-07-16 07:45:10.656429+00
d9f2488b-c88f-4af8-b421-90105282f5dd,43bd4be6-9cce-48a9-a3cc-09f8ee7596c2,18e98815-c7e1-4394-bfd1-3132a227ec0b,0.00,0.00,200000,2025-07-16 07:45:10.656429+00,2025-07-16 07:45:10.656429+00
db23f521-dcf9-4dee-8f4f-30a694d22c74,2b7bd9fc-f236-48cb-8667-ad62c2eb4a01,eae42269-bdb6-44ae-a5b9-41117e26abcd,0.00,0.00,200000,2025-07-16 07:45:10.656429+00,2025-07-16 07:45:10.656429+00
dd3c86ad-55cc-43d4-b364-00abe070ce7d,4fc4a6ab-d018-482d-bfe4-275a66531e86,61f2a716-e5ed-41de-ab08-6e01637c5b51,0.00,0.00,200000,2025-07-16 07:45:10.656429+00,2025-07-16 07:45:10.656429+00
deab8ac0-e1a8-4b24-a3ea-98eae9d615fa,e231c92f-f237-40ba-8b35-9040bb3f6e23,24521324-b93c-4354-911f-b7ef3b2c257c,0.01,0.01,200000,2025-07-16 07:45:10.656429+00,2025-07-16 07:45:10.656429+00
dedea0e2-5486-4c48-8274-48db7f0d697c,6553f989-77e9-4459-a327-a8f21d0c52b3,8a67c9a8-4639-4533-b32c-3528929df464,0.01,0.01,200000,2025-07-16 07:45:10.656429+00,2025-07-16 07:45:10.656429+00
df52b1b2-fa73-4eda-956f-5d0ebafa9ac5,2028d662-e7e4-4c3c-94ee-4c0648b71f1c,8abc701d-83db-485c-bb90-eea9da904eba,0.00,0.00,200000,2025-07-16 07:45:10.656429+00,2025-07-16 07:45:10.656429+00
e072059f-e740-437e-8399-c944e5656724,c9c7790f-b3dd-432c-aee7-3b3413a0de35,7d42d186-c243-47ef-bdd3-09e3212b6b17,0.00,0.00,200000,2025-07-16 07:45:10.656429+00,2025-07-16 07:45:10.656429+00
e0eee0ec-4de0-4d27-bd88-ff1ee620aff3,a2dbd7dc-34da-4bf1-bb57-b7bcd3b014da,18e98815-c7e1-4394-bfd1-3132a227ec0b,0.00,0.00,200000,2025-07-16 07:45:10.656429+00,2025-07-16 07:45:10.656429+00
e147f5bf-c75d-4e87-977a-31868a000b10,4fc4a6ab-d018-482d-bfe4-275a66531e86,7c5850f2-fd45-4187-98c9-c41515632dc8,0.00,0.00,200000,2025-07-16 07:45:10.656429+00,2025-07-16 07:45:10.656429+00
e2f12d0f-d168-4548-97b5-a680f4abaea7,6d2f28b0-ffba-42b5-a905-22f9358a8a5b,8a67c9a8-4639-4533-b32c-3528929df464,0.00,0.01,200000,2025-07-16 07:45:10.656429+00,2025-07-16 07:45:10.656429+00
e34160fe-e9b5-422b-94f2-a56c7f04b068,1bf4bb87-9e44-4beb-b337-1f45a58fd731,8a67c9a8-4639-4533-b32c-3528929df464,0.00,0.01,200000,2025-07-16 07:45:10.656429+00,2025-07-16 07:45:10.656429+00
e3dc72df-b7d5-4ad4-a629-143718b4c1d6,79531671-cb34-42f7-8c43-e544bfe2e4bf,b3c0323f-abba-423d-ad11-b6d9474080db,0.00,0.01,200000,2025-07-16 07:45:10.656429+00,2025-07-16 07:45:10.656429+00
e40406ef-5653-4ab9-a046-8922adc0c6c5,14a5a813-5a82-42e7-bf9c-6531d9079476,b3c0323f-abba-423d-ad11-b6d9474080db,0.00,0.00,200000,2025-07-16 07:45:10.656429+00,2025-07-16 07:45:10.656429+00
e538ad85-3c81-4000-adad-7eb0681fa8e0,2b7bd9fc-f236-48cb-8667-ad62c2eb4a01,3bc2f4dd-ce0c-4d54-b477-f7e98bf73963,0.00,0.00,200000,2025-07-16 07:45:10.656429+00,2025-07-16 07:45:10.656429+00
e5d3a225-371a-487a-9176-105419856d36,c617e8c8-7afe-4d28-a5ca-1379d9501be5,8abc701d-83db-485c-bb90-eea9da904eba,0.01,0.01,200000,2025-07-16 07:45:10.656429+00,2025-07-16 07:45:10.656429+00
e76ae979-d34f-4493-a897-b20433f6c015,14a5a813-5a82-42e7-bf9c-6531d9079476,7c5850f2-fd45-4187-98c9-c41515632dc8,0.01,0.01,200000,2025-07-16 07:45:10.656429+00,2025-07-16 07:45:10.656429+00
e7909f4d-2aed-48f3-a923-080d630d9e0d,79531671-cb34-42f7-8c43-e544bfe2e4bf,80071d9e-fa85-41ab-9531-f34391e84bec,0.01,0.01,200000,2025-07-16 07:45:10.656429+00,2025-07-16 07:45:10.656429+00
e7e99c22-b69d-4a70-a011-4f305895b716,814cde2d-95b2-41fc-8ed0-271ba2170968,6c5a67c7-d2f0-4c47-a332-1a8c3e2ce1c2,0.01,0.01,200000,2025-07-16 07:45:10.656429+00,2025-07-16 07:45:10.656429+00
e9248396-2ad8-4f08-a1dd-071d5101d812,e0228558-58ba-4d45-a257-b7b4d171f06e,80071d9e-fa85-41ab-9531-f34391e84bec,0.01,0.01,200000,2025-07-16 07:45:10.656429+00,2025-07-16 07:45:10.656429+00
e9561c63-8431-419e-b2f0-96cbdaaaf286,f462ddec-0f01-46ff-ab43-5b20ef20355b,6c5a67c7-d2f0-4c47-a332-1a8c3e2ce1c2,0.00,0.00,200000,2025-07-16 07:45:10.656429+00,2025-07-16 07:45:10.656429+00
e95f8128-9ef9-4475-8335-ef1ce1cdf63c,366ff3a9-430e-4055-af48-9d674e4aaf15,5c5a67c7-d2f0-4c47-a332-1a8c3e2ce1c1,0.00,0.00,200000,2025-07-16 07:45:10.656429+00,2025-07-16 07:45:10.656429+00
ea42d84c-3f9b-4203-9629-f93fefd3b340,9a0fe470-d3ae-4a51-ae3b-217db367b329,18e98815-c7e1-4394-bfd1-3132a227ec0b,0.00,0.00,200000,2025-07-16 07:45:10.656429+00,2025-07-16 07:45:10.656429+00
eabe1a1b-23c1-433b-9bf1-c9b5843926cd,7c69d43b-f991-45bc-8f71-c28076888f37,8abc701d-83db-485c-bb90-eea9da904eba,0.01,0.01,200000,2025-07-16 07:45:10.656429+00,2025-07-16 07:45:10.656429+00
ead70c42-db87-494a-b466-a67973a07bdc,79531671-cb34-42f7-8c43-e544bfe2e4bf,7d42d186-c243-47ef-bdd3-09e3212b6b17,0.01,0.01,200000,2025-07-16 07:45:10.656429+00,2025-07-16 07:45:10.656429+00
eb045865-f19b-4ffb-ac3f-49c2419092b1,9a0fe470-d3ae-4a51-ae3b-217db367b329,3bc2f4dd-ce0c-4d54-b477-f7e98bf73963,0.00,0.00,200000,2025-07-16 07:45:10.656429+00,2025-07-16 07:45:10.656429+00
ecccedc4-b3fe-48db-9a5c-fdf90c3c9eb1,968c5794-75e4-4ba4-9939-a234dde8d84d,eae42269-bdb6-44ae-a5b9-41117e26abcd,0.01,0.01,200000,2025-07-16 07:45:10.656429+00,2025-07-16 07:45:10.656429+00
edc0d451-2548-4a96-a341-c83b8f9a2531,288f81f9-3b22-4e9c-be2b-2dc52d0f3b29,b3c0323f-abba-423d-ad11-b6d9474080db,0.01,0.01,200000,2025-07-16 07:45:10.656429+00,2025-07-16 07:45:10.656429+00
edef839b-b7eb-422f-bcdf-e068b1a8d954,3018212c-4657-445f-8226-9f11513c4879,8abc701d-83db-485c-bb90-eea9da904eba,0.01,0.01,200000,2025-07-16 07:45:10.656429+00,2025-07-16 07:45:10.656429+00
ef0e1dfc-a426-4b84-abc5-8e165535f0a9,9a0fe470-d3ae-4a51-ae3b-217db367b329,b3c0323f-abba-423d-ad11-b6d9474080db,0.01,0.01,200000,2025-07-16 07:45:10.656429+00,2025-07-16 07:45:10.656429+00
ef534cb3-49b0-4939-8afd-07009953e3a9,288f81f9-3b22-4e9c-be2b-2dc52d0f3b29,18e98815-c7e1-4394-bfd1-3132a227ec0b,0.00,0.00,200000,2025-07-16 07:45:10.656429+00,2025-07-16 07:45:10.656429+00
f0082974-86ab-482a-8b07-652a6814f24a,6d2f28b0-ffba-42b5-a905-22f9358a8a5b,7d42d186-c243-47ef-bdd3-09e3212b6b17,0.01,0.01,200000,2025-07-16 07:45:10.656429+00,2025-07-16 07:45:10.656429+00
f1fde428-196c-4168-beca-aefe47c81443,288f81f9-3b22-4e9c-be2b-2dc52d0f3b29,eae42269-bdb6-44ae-a5b9-41117e26abcd,0.00,0.00,200000,2025-07-16 07:45:10.656429+00,2025-07-16 07:45:10.656429+00
f233ef92-8e3d-40f5-93c4-34f949776252,a2dbd7dc-34da-4bf1-bb57-b7bcd3b014da,3bc2f4dd-ce0c-4d54-b477-f7e98bf73963,0.00,0.00,200000,2025-07-16 07:45:10.656429+00,2025-07-16 07:45:10.656429+00
f2af617f-b4de-46da-a6d6-30c3f9ed7c86,4fc4a6ab-d018-482d-bfe4-275a66531e86,553b1a53-5023-4a15-8d09-4787980a75ca,0.01,0.01,200000,2025-07-16 07:45:10.656429+00,2025-07-16 07:45:10.656429+00
f2d9b51b-9647-4fbf-bfd0-50d6fcd7ed99,a2dbd7dc-34da-4bf1-bb57-b7bcd3b014da,7d42d186-c243-47ef-bdd3-09e3212b6b17,0.00,0.00,200000,2025-07-16 07:45:10.656429+00,2025-07-16 07:45:10.656429+00
f495f994-836d-400c-bd37-66cb52987766,c1ba1ff2-3eaf-48f4-82f1-41e3a68d55a1,7d42d186-c243-47ef-bdd3-09e3212b6b17,0.00,0.00,200000,2025-07-16 07:45:10.656429+00,2025-07-16 07:45:10.656429+00
f5e816cc-89b1-4d71-af18-3ca19e729664,e231c92f-f237-40ba-8b35-9040bb3f6e23,6c5a67c7-d2f0-4c47-a332-1a8c3e2ce1c2,0.01,0.01,200000,2025-07-16 07:45:10.656429+00,2025-07-16 07:45:10.656429+00
f60a93fd-c77f-4c32-9406-85cd3f39ec3b,c617e8c8-7afe-4d28-a5ca-1379d9501be5,6c5a67c7-d2f0-4c47-a332-1a8c3e2ce1c2,0.00,0.00,200000,2025-07-16 07:45:10.656429+00,2025-07-16 07:45:10.656429+00
f706e597-237d-4abb-8f58-249f173363d5,7c69d43b-f991-45bc-8f71-c28076888f37,61f2a716-e5ed-41de-ab08-6e01637c5b51,0.01,0.01,200000,2025-07-16 07:45:10.656429+00,2025-07-16 07:45:10.656429+00
f7d270c5-1878-47db-ab8e-fa8c0c18a466,79531671-cb34-42f7-8c43-e544bfe2e4bf,61f2a716-e5ed-41de-ab08-6e01637c5b51,0.01,0.01,200000,2025-07-16 07:45:10.656429+00,2025-07-16 07:45:10.656429+00
f8b3cb32-5bc3-48f3-8d57-78639d0723e8,814cde2d-95b2-41fc-8ed0-271ba2170968,8a67c9a8-4639-4533-b32c-3528929df464,0.01,0.01,200000,2025-07-16 07:45:10.656429+00,2025-07-16 07:45:10.656429+00
f8c67fbb-c534-486d-a04f-bf287af51038,366ff3a9-430e-4055-af48-9d674e4aaf15,553b1a53-5023-4a15-8d09-4787980a75ca,0.00,0.01,200000,2025-07-16 07:45:10.656429+00,2025-07-16 07:45:10.656429+00
f8f17e6f-c646-42f7-9aa8-cb828d806ffb,e0228558-58ba-4d45-a257-b7b4d171f06e,7c5850f2-fd45-4187-98c9-c41515632dc8,0.01,0.01,200000,2025-07-16 07:45:10.656429+00,2025-07-16 07:45:10.656429+00
f8fc3641-de2e-4364-be34-e9cc38467466,d0122a69-7fdb-4d0b-962d-b33cff0c7ea1,8a67c9a8-4639-4533-b32c-3528929df464,0.00,0.01,200000,2025-07-16 07:45:10.656429+00,2025-07-16 07:45:10.656429+00
fa1fc420-9873-477a-908e-30ae87d0e034,7c69d43b-f991-45bc-8f71-c28076888f37,7c5850f2-fd45-4187-98c9-c41515632dc8,0.01,0.01,200000,2025-07-16 07:45:10.656429+00,2025-07-16 07:45:10.656429+00
fa687e80-7eb8-43f0-8d1a-69409b2a0428,cd61344a-92b2-40dc-bc3a-9dcfcaab94ee,7d42d186-c243-47ef-bdd3-09e3212b6b17,0.01,0.01,200000,2025-07-16 07:45:10.656429+00,2025-07-16 07:45:10.656429+00
fab9b7fd-6d73-4059-86e1-c4c63f115106,a2dbd7dc-34da-4bf1-bb57-b7bcd3b014da,7c5850f2-fd45-4187-98c9-c41515632dc8,0.00,0.00,200000,2025-07-16 07:45:10.656429+00,2025-07-16 07:45:10.656429+00
facf864c-9d70-41a6-bd6c-8f1603a7f7ea,968c5794-75e4-4ba4-9939-a234dde8d84d,3bc2f4dd-ce0c-4d54-b477-f7e98bf73963,0.01,0.01,200000,2025-07-16 07:45:10.656429+00,2025-07-16 07:45:10.656429+00
fb1a7f08-8397-4818-8b59-bba6857936cf,2b7bd9fc-f236-48cb-8667-ad62c2eb4a01,7c5850f2-fd45-4187-98c9-c41515632dc8,0.00,0.00,200000,2025-07-16 07:45:10.656429+00,2025-07-16 07:45:10.656429+00
fb4a3742-fb16-4f91-9092-d5559dd6f1d9,c1ba1ff2-3eaf-48f4-82f1-41e3a68d55a1,5c5a67c7-d2f0-4c47-a332-1a8c3e2ce1c1,0.01,0.01,200000,2025-07-16 07:45:10.656429+00,2025-07-16 07:45:10.656429+00
fb970bb4-df4c-4ea5-8288-d6381ec476d0,e0228558-58ba-4d45-a257-b7b4d171f06e,61f2a716-e5ed-41de-ab08-6e01637c5b51,0.01,0.01,200000,2025-07-16 07:45:10.656429+00,2025-07-16 07:45:10.656429+00
fbc7ddc1-3b31-4d5f-b684-0a205c713fdf,d0122a69-7fdb-4d0b-962d-b33cff0c7ea1,7c5850f2-fd45-4187-98c9-c41515632dc8,0.01,0.01,200000,2025-07-16 07:45:10.656429+00,2025-07-16 07:45:10.656429+00
fbfef0ce-6bf9-4f56-8cca-667da9f9099c,3018212c-4657-445f-8226-9f11513c4879,18e98815-c7e1-4394-bfd1-3132a227ec0b,0.01,0.01,200000,2025-07-16 07:45:10.656429+00,2025-07-16 07:45:10.656429+00
fcc4d41e-3863-4891-8f3d-0110047425d3,14a5a813-5a82-42e7-bf9c-6531d9079476,8a67c9a8-4639-4533-b32c-3528929df464,0.01,0.01,200000,2025-07-16 07:45:10.656429+00,2025-07-16 07:45:10.656429+00
fda3e63e-99d0-4600-8b31-496f5636cff6,8f1c804e-0382-4f7f-8229-dda365aba5a2,eae42269-bdb6-44ae-a5b9-41117e26abcd,0.00,0.00,200000,2025-07-16 07:45:10.656429+00,2025-07-16 07:45:10.656429+00
fe2ac18a-7c31-415b-8b77-1fc9c8cfa4df,3018212c-4657-445f-8226-9f11513c4879,b3c0323f-abba-423d-ad11-b6d9474080db,0.00,0.01,200000,2025-07-16 07:45:10.656429+00,2025-07-16 07:45:10.656429+00
fed468b7-68e2-4aca-a134-38debda5357d,2b7bd9fc-f236-48cb-8667-ad62c2eb4a01,24521324-b93c-4354-911f-b7ef3b2c257c,0.01,0.01,200000,2025-07-16 07:45:10.656429+00,2025-07-16 07:45:10.656429+00
ff8ab3a5-0c5e-4c06-8789-60fc489ebbb7,d0122a69-7fdb-4d0b-962d-b33cff0c7ea1,eae42269-bdb6-44ae-a5b9-41117e26abcd,0.01,0.01,200000,2025-07-16 07:45:10.656429+00,2025-07-16 07:45:10.656429+00
ffe45d20-49de-418b-a1c6-f92c28b9345e,c617e8c8-7afe-4d28-a5ca-1379d9501be5,18e98815-c7e1-4394-bfd1-3132a227ec0b,0.01,0.01,200000,2025-07-16 07:45:10.656429+00,2025-07-16 07:45:10.656429+00